event_id,date,kind,title,note,status,post_id,source,source_name,source_url,confidence,research_batch,image_id,image_source,image_source_url,image_credit
CIOTD-000001,1848-01-01,education,,Savitribai Phule and Fatima Sheikh opened the Bhide Wada school for girls in Pune.,covered,22778,curious_indian_archive,,,,baseline_v0.2.0,22779,article_featured_image,,
CIOTD-000002,1894-01-01,birth,Satyendra Nath Bose,Indian physicist.,uncovered,0,historic_events_cc_by_sa_3,,,,baseline_v0.2.0,0,,,
CIOTD-000003,1903-01-01,event,Edward VII of the United Kingdom is proclaimed Emperor of India,,uncovered,0,historic_events_cc_by_sa_3,,,,baseline_v0.2.0,0,,,
CIOTD-000004,1955-01-01,death,Shanti Swaroop Bhatnagar,Indian scientist.,uncovered,0,historic_events_cc_by_sa_3,,,,baseline_v0.2.0,0,,,
CIOTD-000005,1978-01-01,disaster,"Air India Flight 855, a Boeing 747 passenger jet, crashes into the ocean near Bombay, killing 213",,uncovered,0,historic_events_cc_by_sa_3,,,,baseline_v0.2.0,0,,,
CIOTD-000006,1757-01-02,event,Britain captures Calcutta (part of the fighting in the Seven Years' War),,uncovered,0,historic_events_cc_by_sa_3,,,,baseline_v0.2.0,0,,,
CIOTD-000007,1975-01-02,event,,Railway Minister L. N. Mishra was mortally wounded in a bombing at Samastipur station.,covered,21179,curious_indian_archive,,,,baseline_v0.2.0,21217,article_featured_image,,
CIOTD-000008,1831-01-03,birth,,Savitribai Phule was born.,covered,22778,curious_indian_archive,,,,baseline_v0.2.0,22779,article_featured_image,,
CIOTD-000009,1960-01-03,birth,Sandeep Marwah,Indian filmmaker.,uncovered,0,historic_events_cc_by_sa_3,,,,baseline_v0.2.0,0,,,
CIOTD-000010,1966-01-04,politics,The prime ministers of India and Pakistan meet in Moscow,,uncovered,0,historic_events_cc_by_sa_3,,,,baseline_v0.2.0,0,,,
CIOTD-000011,1988-01-04,birth,Nabila Jamshed,Indian author.,uncovered,0,historic_events_cc_by_sa_3,,,,baseline_v0.2.0,0,,,
CIOTD-000012,1994-01-04,death,,R. D. Burman died.,covered,13322,curious_indian_archive,,,,baseline_v0.2.0,16697,article_featured_image,,
CIOTD-000013,1592-01-05,birth,Shah Jahan,Mughal Emperor of India.,uncovered,0,historic_events_cc_by_sa_3,,,,baseline_v0.2.0,0,,,
CIOTD-000014,1893-01-05,birth,Paramahansa Yogananda,Indian guru.,uncovered,0,historic_events_cc_by_sa_3,,,,baseline_v0.2.0,0,,,
CIOTD-000015,1899-01-06,politics,Lord Curzon becomes Viceroy of India,,uncovered,0,historic_events_cc_by_sa_3,,,,baseline_v0.2.0,0,,,
CIOTD-000016,1990-01-06,birth,Abhinav Mukund,Indian cricketer.,uncovered,0,historic_events_cc_by_sa_3,,,,baseline_v0.2.0,0,,,
CIOTD-000017,1993-01-06,event,The Bombay Riots take place in the city now known as Mumbai,(January 6 - January 20) The Bombay Riots take place in the city now known as Mumbai.,uncovered,0,historic_events_cc_by_sa_3,,,,baseline_v0.2.0,0,,,
CIOTD-000018,1947-01-07,birth,Shobha De,Indian writer.,uncovered,0,historic_events_cc_by_sa_3,,,,baseline_v0.2.0,0,,,
CIOTD-000019,1979-01-07,birth,Bipasha Basu,Indian actress and model.,uncovered,0,historic_events_cc_by_sa_3,,,,baseline_v0.2.0,0,,,
CIOTD-000020,1929-01-08,birth,Saeed Jaffrey,Indian actor.,uncovered,0,historic_events_cc_by_sa_3,,,,baseline_v0.2.0,0,,,
CIOTD-000021,1779-01-09,event,"British troops surrender to the Marathas in Wadgaon, India, and are forced to return all…","British troops surrender to the Marathas in Wadgaon, India, and are forced to return all terrorities acquired since 1773.",uncovered,0,historic_events_cc_by_sa_3,,,,baseline_v0.2.0,0,,,
CIOTD-000022,1915-01-09,event,,Mahatma Gandhi returned to India after more than two decades abroad.,covered,12569,curious_indian_archive,,,,baseline_v0.2.0,17305,article_featured_image,,
CIOTD-000023,1922-01-09,birth,Har Gobind Khorana,"Indian biochemist, recipient of the Nobel Prize in Physiology or Medicine.",uncovered,0,historic_events_cc_by_sa_3,,,,baseline_v0.2.0,0,,,
CIOTD-000024,1996-01-09,death,Fearless Nadia,Indian actress and stuntwoman.,uncovered,0,historic_events_cc_by_sa_3,,,,baseline_v0.2.0,0,,,
CIOTD-000025,1616-01-10,event,"Sir Thomas Roe, emissary from the court of King James I of England, presents his credentials to…","Sir Thomas Roe, emissary from the court of King James I of England, presents his credentials to the Mughal Emperor Jahangir, in Ajmer Fort, thus opening the door to the British presence in India. Roe sailed in the Lyon under the command of captain Christopher Newport, best known for his role in the Virginia colonies.",uncovered,0,historic_events_cc_by_sa_3,,,,baseline_v0.2.0,0,,,
CIOTD-000026,1966-01-10,event,Pakistani-Indian peace negotiations end successfully in Tashkent,,uncovered,0,historic_events_cc_by_sa_3,,,,baseline_v0.2.0,0,,,
CIOTD-000027,1779-01-11,event,Ching-Thang Khomba is crowned King of Manipur,,uncovered,0,historic_events_cc_by_sa_3,,,,baseline_v0.2.0,0,,,
CIOTD-000028,1935-01-11,science,,Subrahmanyan Chandrasekhar presented his stellar-mass work at the Royal Astronomical Society.,covered,15199,curious_indian_archive,,,,baseline_v0.2.0,15495,article_featured_image,,
CIOTD-000029,1966-01-11,death,Lal Bahadur Shastri dies in Tashkent,"Prime Minister Lal Bahadur Shastri died on 11 January 1966, shortly after the Tashkent Declaration.",covered,15024,month_research_2026,Prime Minister of India,https://www.pmindia.gov.in/en/former_pm/shri-lal-bahadur-shastri/,high,january,15727,article_featured_image,,
CIOTD-000030,1973-01-11,birth,Rahul Dravid,Indian cricketer.,uncovered,0,historic_events_cc_by_sa_3,,,,baseline_v0.2.0,0,,,
CIOTD-000031,1983-01-11,death,Shri Ghanshyam Das Birla,Indian industrialist and educator.,uncovered,0,historic_events_cc_by_sa_3,,,,baseline_v0.2.0,0,,,
CIOTD-000032,1863-01-12,birth,,Swami Vivekananda was born.,covered,23267,curious_indian_archive,,,,baseline_v0.2.0,23274,article_featured_image,,
CIOTD-000033,1924-01-12,event,Gopinath Saha shoots a man he erroneously thinks is the police commissioner of Calcutta (Charles…,Gopinath Saha shoots a man he erroneously thinks is the police commissioner of Calcutta (Charles Augustus Tegart); he is arrested soon after.,uncovered,0,historic_events_cc_by_sa_3,,,,baseline_v0.2.0,0,,,
CIOTD-000034,1948-01-12,event,"Mahatma Gandhi begins his fast-unto-death in Delhi, to stop the communal violence during the…","Mahatma Gandhi begins his fast-unto-death in Delhi, to stop the communal violence during the Partition of India.",uncovered,0,historic_events_cc_by_sa_3,,,,baseline_v0.2.0,0,,,
CIOTD-000035,2005-01-12,death,Amrish Puri,Indian actor.,uncovered,0,historic_events_cc_by_sa_3,,,,baseline_v0.2.0,0,,,
CIOTD-000036,1938-01-13,birth,Shivkumar Sharma,Indian musician.,uncovered,0,historic_events_cc_by_sa_3,,,,baseline_v0.2.0,0,,,
CIOTD-000037,1983-01-13,birth,Imran Khan,Indian actor.,uncovered,0,historic_events_cc_by_sa_3,,,,baseline_v0.2.0,0,,,
CIOTD-000038,1761-01-14,battle,,The Third Battle of Panipat was fought.,covered,12510,curious_indian_archive,,,,baseline_v0.2.0,17410,article_featured_image,,
CIOTD-000039,1969-01-14,statehood,Madras State is renamed Tamil Nadu,"The Madras State (Alteration of Name) Act took effect on 14 January 1969, changing the state's name to Tamil Nadu.",uncovered,0,month_research_2026,Legislative Department Government of India,https://www.legislative.gov.in/static/uploads/2025/07/88cca69e868e50b217f855be2fb8bdba.pdf,high,january,0,,,
CIOTD-000040,1949-01-15,military,K. M. Cariappa takes command of the Indian Army,"K. M. Cariappa took over as the first Indian Commander-in-Chief of the Indian Army on 15 January 1949, the date commemorated as Army Day.",uncovered,0,month_research_2026,Press Information Bureau / Ministry of Defence,https://www.pib.gov.in/PressReleasePage.aspx?PRID=1559964&lang=2&reg=48,high,january,0,,,
CIOTD-000041,1761-01-16,event,"The British capture Pondicherry, India from the French",,uncovered,0,historic_events_cc_by_sa_3,,,,baseline_v0.2.0,0,,,
CIOTD-000042,1901-01-16,death,Mahadev Govind Ranade,Indian reformer.,uncovered,0,historic_events_cc_by_sa_3,,,,baseline_v0.2.0,0,,,
CIOTD-000043,2010-01-17,death,Jyoti Basu,Indian politician.,uncovered,0,historic_events_cc_by_sa_3,,,,baseline_v0.2.0,0,,,
CIOTD-000044,1996-01-18,death,Nandamuri Taraka Rama Rao,Indian film actor.,uncovered,0,historic_events_cc_by_sa_3,,,,baseline_v0.2.0,0,,,
CIOTD-000045,1905-01-19,death,Debendranath Tagore,Indian philosopher.,uncovered,0,historic_events_cc_by_sa_3,,,,baseline_v0.2.0,0,,,
CIOTD-000046,1966-01-19,politics,Indira Gandhi is elected Prime Minister of India,Indira Gandhi is elected Prime Minister of India; she is sworn in January 24.,uncovered,0,historic_events_cc_by_sa_3,,,,baseline_v0.2.0,0,,,
CIOTD-000047,1975-01-19,disaster,"Earthquake strikes Himachal Pradesh, India",,uncovered,0,historic_events_cc_by_sa_3,,,,baseline_v0.2.0,0,,,
CIOTD-000048,1817-01-20,education,Hindu College opens in Calcutta,Classes at Hindu College in Calcutta commenced on 20 January 1817; the institution later became Presidency College and Presidency University.,uncovered,0,month_research_2026,Presidency University Kolkata,https://www.presiuniv.ac.in/web/20191120150659.pdf,high,january,0,,,
CIOTD-000049,1972-01-21,statehood,"Manipur, Meghalaya and Tripura become full-fledged states","Manipur, Meghalaya and Tripura became full-fledged states on 21 January 1972 under the North-Eastern Areas (Reorganisation) Act, 1971.",uncovered,0,month_research_2026,Press Information Bureau / Ministry of Development of North Eastern Region,https://static.pib.gov.in/WriteReadData/specificdocs/documents/2022/jan/doc20221217501.pdf,high,january,0,,,
CIOTD-000050,1666-01-22,death,Shah Jahan,Mughal Emperor of India.,uncovered,0,historic_events_cc_by_sa_3,,,,baseline_v0.2.0,0,,,
CIOTD-000051,1947-01-22,constitution,Constituent Assembly adopts the Objectives Resolution,The Constituent Assembly unanimously adopted the Objectives Resolution on 22 January 1947 after debate on the principles intended to guide India's Constitution.,uncovered,0,month_research_2026,Parliament Digital Library,https://eparlib.sansad.in/bitstream/123456789/762967/1/cad_22-01-1947.pdf,high,january,0,,,
CIOTD-000052,1565-01-23,battle,,The Battle of Talikota broke the military power of Vijayanagara.,covered,12434,curious_indian_archive,,,,baseline_v0.2.0,24918,article_featured_image,,
CIOTD-000053,1897-01-23,birth,Subhash Chandra Bose,Indian political leader.,uncovered,0,historic_events_cc_by_sa_3,,,,baseline_v0.2.0,0,,,
CIOTD-000054,1857-01-24,culture,The University of Calcutta is established in Kolkata as the first multidisciplinary modern…,The University of Calcutta is established in Kolkata as the first multidisciplinary modern university in South Asia.,uncovered,0,historic_events_cc_by_sa_3,,,,baseline_v0.2.0,0,,,
CIOTD-000055,1950-01-24,constitution,,Members of the Constituent Assembly signed the handwritten Constitution of India.,covered,21815,curious_indian_archive,,,,baseline_v0.2.0,21817,article_featured_image,,
CIOTD-000056,1950-01-24,culture,National Anthem adopted,The Constituent Assembly adopted “Jana Gana Mana” as the national anthem of India.,uncovered,0,official_goi,,,,baseline_v0.2.0,0,,,
CIOTD-000057,1966-01-24,death,,Homi J. Bhabha died in the crash of Air India Flight 101 near Mont Blanc.,covered,15101,curious_indian_archive,,,,baseline_v0.2.0,15571,article_featured_image,,
CIOTD-000058,1931-01-25,event,Mohandas Gandhi is released again in India,,uncovered,0,historic_events_cc_by_sa_3,,,,baseline_v0.2.0,0,,,
CIOTD-000059,1950-01-25,constitution,Election Commission of India is established,The Election Commission of India was established on 25 January 1950 as a permanent constitutional body.,uncovered,0,month_research_2026,Election Commission of India,https://www.eci.gov.in/about-eci/,high,january,0,,,
CIOTD-000060,1971-01-25,politics,Himachal Pradesh becomes the 18th Indian state,,uncovered,0,historic_events_cc_by_sa_3,,,,baseline_v0.2.0,0,,,
CIOTD-000061,1930-01-26,independence,The Indian National Congress declares 26 January as Independence Day or as the day for Poorna…,The Indian National Congress declares 26 January as Independence Day or as the day for Poorna Swaraj (Complete Independence).,uncovered,0,historic_events_cc_by_sa_3,,,,baseline_v0.2.0,0,,,
CIOTD-000062,1950-01-26,constitution,,The Constitution of India came into force and India became a republic.,covered,12622,curious_indian_archive,,,,baseline_v0.2.0,17550,article_featured_image,,
CIOTD-000063,1924-01-27,birth,Sabu,Indian actor.,uncovered,0,historic_events_cc_by_sa_3,,,,baseline_v0.2.0,0,,,
CIOTD-000064,1865-01-28,birth,Lala Lajpat Rai,Indian nationalist leader and freedom fighter.,uncovered,0,official_goi,,,,baseline_v0.2.0,0,,,
CIOTD-000065,1780-01-29,media,Hicky's Bengal Gazette publishes its first issue,"Hicky's Bengal Gazette, also called the Original Calcutta General Advertiser, first appeared on 29 January 1780 and is widely described as the first newspaper published in India.",uncovered,0,month_research_2026,Indian Institute of Mass Communication,https://iimc.gov.in/files/downloads_documents/COMMUNICATOR-APRIL-JUNE-2022.pdf,high,january,0,,,
CIOTD-000066,1970-01-29,birth,Rajyavardhan Singh Rathore,Indian shooter.,uncovered,0,historic_events_cc_by_sa_3,,,,baseline_v0.2.0,0,,,
CIOTD-000067,1927-01-30,birth,Bendapudi Venkata Satyanarayana,Indian dermatologist.,uncovered,0,historic_events_cc_by_sa_3,,,,baseline_v0.2.0,0,,,
CIOTD-000068,1948-01-30,death,,Mahatma Gandhi was assassinated in New Delhi.,covered,12616,curious_indian_archive,,,,baseline_v0.2.0,17539,article_featured_image,,
CIOTD-000069,1969-01-31,death,Meher Baba,Indian spiritual master.,uncovered,0,historic_events_cc_by_sa_3,,,,baseline_v0.2.0,0,,,
CIOTD-000070,1975-01-31,birth,Preity Zinta,Indian actress.,uncovered,0,historic_events_cc_by_sa_3,,,,baseline_v0.2.0,0,,,
CIOTD-000071,1948-02-01,death,Jatindramohan Bagchi,Indian poet.,uncovered,0,historic_events_cc_by_sa_3,,,,baseline_v0.2.0,0,,,
CIOTD-000072,1977-02-01,institution,Indian Coast Guard comes into being,The Indian Coast Guard came into being on 1 February 1977 with seven ships transferred for surveillance of Indian waters and the Exclusive Economic Zone.,uncovered,0,month_research_2026,"Indian Coast Guard, Ministry of Defence",https://www.indiancoastguard.gov.in/history,high,february,0,,,
CIOTD-000073,1786-02-02,event,"In a speech before The Asiatic Society in Calcutta, Sir William Jones notes the formal…","In a speech before The Asiatic Society in Calcutta, Sir William Jones notes the formal resemblances between Latin, Greek, and Sanskrit, laying the foundation for comparative linguistics and Indo-European studies.",uncovered,0,historic_events_cc_by_sa_3,,,,baseline_v0.2.0,0,,,
CIOTD-000074,1915-02-02,birth,Khushwant Singh,Indian writer.,uncovered,0,historic_events_cc_by_sa_3,,,,baseline_v0.2.0,0,,,
CIOTD-000075,1968-02-02,space,TERLS dedicated to the United Nations,The Thumba Equatorial Rocket Launching Station was dedicated to the United Nations.,uncovered,0,isro,,,,baseline_v0.2.0,0,,,
CIOTD-000076,1928-02-03,freedom_movement,Simon Commission arrival triggers nationwide boycott,"The Simon Commission reached India on 3 February 1928. Its all-British membership prompted hartals, black-flag demonstrations and the slogan 'Simon Go Back' across the country.",uncovered,0,month_research_2026,The Nehru Archive,https://nehruarchive.in/themes/boycott-of-the-simon-commission,high,february,0,,,
CIOTD-000077,1922-02-04,freedom_movement,Chauri Chaura incident reshapes the Non-Cooperation Movement,"On 4 February 1922, violence at Chauri Chaura in the Gorakhpur district culminated in a police station being set on fire. The incident became the immediate context for Gandhi's suspension of the Non-Cooperation Movement.",covered,12581,month_research_2026,"Press Information Bureau, Government of India",https://www.pib.gov.in/PressReleasePage.aspx?PRID=1795584,high,february,17499,article_featured_image,,
CIOTD-000078,1974-02-04,death,Satyendra Nath Bose,Indian mathematician and physicist.,uncovered,0,historic_events_cc_by_sa_3,,,,baseline_v0.2.0,0,,,
CIOTD-000079,1933-02-05,birth,,Dr. Prathap C. Reddy was born.,covered,22381,curious_indian_archive,,,,baseline_v0.2.0,22489,article_featured_image,,
CIOTD-000080,1976-02-05,birth,Abhishek Bachchan,Indian actor.,uncovered,0,historic_events_cc_by_sa_3,,,,baseline_v0.2.0,0,,,
CIOTD-000081,2008-02-05,death,Maharishi Mahesh Yogi,Indian spiritual leader.,uncovered,0,historic_events_cc_by_sa_3,,,,baseline_v0.2.0,0,,,
CIOTD-000082,1983-02-06,birth,Sreesanth,Indian cricketer.,uncovered,0,historic_events_cc_by_sa_3,,,,baseline_v0.2.0,0,,,
CIOTD-000083,2022-02-06,death,,Lata Mangeshkar died.,covered,13220,curious_indian_archive,,,,baseline_v0.2.0,17652,article_featured_image,,
CIOTD-000084,1999-02-07,sport,Anil Kumble takes all ten wickets in a Test innings,"At Delhi's Feroz Shah Kotla on 7 February 1999, Anil Kumble took all ten Pakistan wickets for 74 runs, becoming only the second bowler in Test history to take all ten wickets in an innings.",uncovered,0,month_research_2026,BCCI,https://www.bcci.tv/news/article/kumbles-perfect-ten,high,february,0,,,
CIOTD-000085,1897-02-08,birth,Zakir Husain is born,"Zakir Husain, educationist and later the third President of India, was born on 8 February 1897.",uncovered,0,month_research_2026,President of India,https://presidentofindia.nic.in/former-president/dr-zakir-husain,high,february,0,,,
CIOTD-000086,2008-02-09,death,Baba Amte,Indian social activist.,uncovered,0,historic_events_cc_by_sa_3,,,,baseline_v0.2.0,0,,,
CIOTD-000087,1931-02-10,event,New Delhi becomes the capital of India,,uncovered,0,historic_events_cc_by_sa_3,,,,baseline_v0.2.0,0,,,
CIOTD-000088,1963-02-10,war,,A search party finally reached the Rezang La position after the 1962 war.,covered,14975,curious_indian_archive,,,,baseline_v0.2.0,15671,article_featured_image,,
CIOTD-000089,1747-02-11,event,"A combined French and Indian force, commanded by Captain Nicholas Antoine Coulon de Villiers,…","A combined French and Indian force, commanded by Captain Nicholas Antoine Coulon de Villiers, attacks British troops at Grand Pré, Nova Scotia.",uncovered,0,historic_events_cc_by_sa_3,,,,baseline_v0.2.0,0,,,
CIOTD-000090,1917-02-11,birth,T. Nagi Reddy,Indian revolutionary.,uncovered,0,historic_events_cc_by_sa_3,,,,baseline_v0.2.0,0,,,
CIOTD-000091,1968-02-11,death,,Deendayal Upadhyaya was found dead beside the railway track near Mughalsarai.,covered,20781,curious_indian_archive,,,,baseline_v0.2.0,20796,article_featured_image,,
CIOTD-000092,1794-02-12,death,Srinath Madhavji Shinde alias Srinath Mahadji Shinde,The Great Maratha Emperor of India.,uncovered,0,historic_events_cc_by_sa_3,,,,baseline_v0.2.0,0,,,
CIOTD-000093,1967-02-12,birth,Chitravina N. Ravikiran,Indian composer and musician.,uncovered,0,historic_events_cc_by_sa_3,,,,baseline_v0.2.0,0,,,
CIOTD-000094,1911-02-13,birth,,Faiz Ahmad Faiz was born.,covered,23612,curious_indian_archive,,,,baseline_v0.2.0,23614,article_featured_image,,
CIOTD-000095,1933-02-14,birth,Madhubala,Indian actress.,uncovered,0,historic_events_cc_by_sa_3,,,,baseline_v0.2.0,0,,,
CIOTD-000096,1989-02-14,disaster,Union Carbide agrees to pay USD $470 million to the Indian government for damages it caused in…,Union Carbide agrees to pay USD $470 million to the Indian government for damages it caused in the 1984 Bhopal Disaster.,uncovered,0,historic_events_cc_by_sa_3,,,,baseline_v0.2.0,0,,,
CIOTD-000097,1869-02-15,death,Mirza Ghalib,Indian poet.,uncovered,0,historic_events_cc_by_sa_3,,,,baseline_v0.2.0,0,,,
CIOTD-000098,2017-02-15,space,ISRO launches 104 satellites in one mission,"PSLV-C37 lifted off from Sriharikota on 15 February 2017 and successfully placed 104 satellites into orbit in a single mission, then a world record.",uncovered,0,month_research_2026,ISRO,https://www.isro.gov.in/SuccessfullyLaunches104.html,high,february,0,,,
CIOTD-000099,1928-02-16,freedom_movement,Lala Lajpat Rai moves resolution against the Simon Commission,"On 16 February 1928, Lala Lajpat Rai moved a resolution in the Central Legislative Assembly refusing cooperation with the Simon Commission because it had no Indian member.",uncovered,0,month_research_2026,"Press Information Bureau, Ministry of Culture",https://www.pib.gov.in/newsite/PrintRelease.aspx?lang=2&reg=48&relid=134433,high,february,0,,,
CIOTD-000100,1883-02-17,death,Vasudeo Balwant Phadke,Indian revolutionary.,uncovered,0,historic_events_cc_by_sa_3,,,,baseline_v0.2.0,0,,,
CIOTD-000101,1823-02-18,birth,,"Gopal Hari Deshmukh, later known as Lokahitawadi, was born.",covered,23098,curious_indian_archive,,,,baseline_v0.2.0,23100,article_featured_image,,
CIOTD-000102,1911-02-18,event,"The first official air mail flight takes place from Allahabad, India to Naini, India, when Henri…","The first official air mail flight takes place from Allahabad, India to Naini, India, when Henri Pequet carries 6,500 letters a distance of 13 km.",uncovered,0,historic_events_cc_by_sa_3,,,,baseline_v0.2.0,0,,,
CIOTD-000103,1630-02-19,birth,,Shivaji was born at Shivneri Fort.,covered,12460,curious_indian_archive,,,,baseline_v0.2.0,19186,article_featured_image,,
CIOTD-000104,1987-02-20,statehood,Arunachal Pradesh and Mizoram attain statehood,"Arunachal Pradesh and Mizoram attained full statehood on 20 February 1987, becoming the 24th and 23rd states of the Indian Union respectively.",uncovered,0,month_research_2026,Governor of Meghalaya / Government record,https://meggovernor.gov.in/Press-Release/February%202026/Press%20Release%20-%2020th%20Feb%20-%20Statehood%20Day%20of%20AP%20%26%20Mizoram.pdf,high,february,0,,,
CIOTD-000105,1894-02-21,birth,Shanti Swarup Bhatnagar is born,"Shanti Swarup Bhatnagar, later founder-director and first Director General of CSIR and a major architect of India's scientific research infrastructure, was born on 21 February 1894.",uncovered,0,month_research_2026,National Archives of India,https://nationalarchives.nic.in/sites/default/files/2026-01/11.Collection%20of%20Private%20Papers%20in%20NAI.pdf,high,february,0,,,
CIOTD-000106,1944-02-22,death,Kasturba Gandhi dies at Aga Khan Palace,Kasturba Gandhi died on 22 February 1944 while imprisoned with Mahatma Gandhi at the Aga Khan Palace in Pune.,uncovered,0,month_research_2026,Gandhi Heritage Portal,https://www.gandhiheritageportal.org/es/eventcontentdetail/OA%3D%3D/NzQxOQ%3D%3D,high,february,0,,,
CIOTD-000107,1969-02-23,death,,Madhubala died.,covered,13366,curious_indian_archive,,,,baseline_v0.2.0,16709,article_featured_image,,
CIOTD-000108,1998-02-23,death,Raman Lamba,Indian cricketer.,uncovered,0,historic_events_cc_by_sa_3,,,,baseline_v0.2.0,0,,,
CIOTD-000109,1739-02-24,battle,,Nadir Shah defeated the Mughal army at the Battle of Karnal.,covered,12498,curious_indian_archive,,,,baseline_v0.2.0,17389,article_featured_image,,
CIOTD-000110,1826-02-24,treaty,,"The Treaty of Yandabo was signed, ending the First Anglo-Burmese War and reshaping Assam.",covered,20251,curious_indian_archive,,,,baseline_v0.2.0,20260,article_featured_image,,
CIOTD-000111,1948-02-24,birth,J. Jayalalithaa,Indian politician.,uncovered,0,historic_events_cc_by_sa_3,,,,baseline_v0.2.0,0,,,
CIOTD-000112,1894-02-25,birth,Meher Baba,Indian Avatar of the Age.,uncovered,0,historic_events_cc_by_sa_3,,,,baseline_v0.2.0,0,,,
CIOTD-000113,1887-02-26,death,Anandi Gopal Joshi,First Indian woman doctor.,uncovered,0,historic_events_cc_by_sa_3,,,,baseline_v0.2.0,0,,,
CIOTD-000114,1931-02-27,freedom_movement,Chandrashekhar Azad dies in Alfred Park,"Surrounded by British police in Alfred Park, Allahabad, Chandrashekhar Azad died on 27 February 1931 after an armed confrontation, maintaining his resolve not to be captured alive.",uncovered,0,month_research_2026,"Azadi Ka Amrit Mahotsav, Ministry of Culture",https://cmsadmin.amritmahotsav.nic.in/event-detail.htm?15049=,high,february,0,,,
CIOTD-000115,1928-02-28,science,,C. V. Raman observed the effect that would bear his name.,covered,14965,curious_indian_archive,,,,baseline_v0.2.0,15855,article_featured_image,,
CIOTD-000116,1896-02-29,birth,Morarji Desai,Indian politician.,uncovered,0,historic_events_cc_by_sa_3,,,,baseline_v0.2.0,0,,,
CIOTD-000117,1904-02-29,birth,,Rukmini Devi Arundale was born.,covered,23405,curious_indian_archive,,,,baseline_v0.2.0,23407,article_featured_image,,
CIOTD-000118,1898-03-01,death,George Bruce Malleson,Indian officer and author.,uncovered,0,historic_events_cc_by_sa_3,,,,baseline_v0.2.0,0,,,
CIOTD-000119,1968-03-01,birth,Kunjarani Devi,Indian weightlifter.,uncovered,0,historic_events_cc_by_sa_3,,,,baseline_v0.2.0,0,,,
CIOTD-000120,1930-03-02,politics,Mahatma Gandhi informs the British viceroy of India that civil disobedience will begin 9 days later,,uncovered,0,historic_events_cc_by_sa_3,,,,baseline_v0.2.0,0,,,
CIOTD-000121,1707-03-03,death,Aurangzeb,Mughal Emperor of India.,uncovered,0,historic_events_cc_by_sa_3,,,,baseline_v0.2.0,0,,,
CIOTD-000122,1839-03-03,birth,,Jamsetji Tata was born.,covered,22390,curious_indian_archive,,,,baseline_v0.2.0,22392,article_featured_image,,
CIOTD-000123,1951-03-04,sport,First Asian Games open in New Delhi,"The inaugural Asian Games began at New Delhi, bringing together athletes from across Asia in the first edition of the continental multi-sport event.",uncovered,0,month_research_2026,Consortium for Educational Communication (UGC),https://cec.nic.in/webpath/curriculum/Module/BPED/Paper01/9/downloads/script.pdf,high,march,0,,,
CIOTD-000124,1931-03-05,freedom_movement,Gandhi-Irwin Pact is concluded,The settlement between Mahatma Gandhi and Viceroy Lord Irwin set terms for suspending the Civil Disobedience Movement and Congress participation in further constitutional talks.,uncovered,0,month_research_2026,The Nehru Archive,https://nehruarchive.in/events/gandhi-irwin-pact,high,march,0,,,
CIOTD-000125,1915-03-06,culture,Mahatma Gandhi and Rabindranath Tagore meet at Santiniketan,"Gandhi and Tagore met at Santiniketan during Gandhi's second visit there, beginning a historically important intellectual relationship.",uncovered,0,month_research_2026,M.K. Gandhi / The Mahatma and the Poet,https://www.mkgandhi.org/ebks/the-mahatma-and-the-poet.pdf,high,march,0,,,
CIOTD-000126,1949-03-07,birth,Ghulam Nabi Azad,Indian politician.,uncovered,0,historic_events_cc_by_sa_3,,,,baseline_v0.2.0,0,,,
CIOTD-000127,1952-03-07,death,Paramahansa Yogananda,Indian guru.,uncovered,0,historic_events_cc_by_sa_3,,,,baseline_v0.2.0,0,,,
CIOTD-000128,1921-03-08,birth,Sahir Ludhianvi is born,The Urdu poet and Hindi film lyricist Sahir Ludhianvi was born in Ludhiana; he later became one of the major poetic voices of Indian cinema.,uncovered,0,month_research_2026,Maulana Azad National Urdu University,https://dde.manuu.edu.in/sites/default/files/DDE/DDE-SelfLearnmaterial/MA-English-4th-Semester/175Inner.pdf,high,march,0,,,
CIOTD-000129,1890-03-09,death,Sir Mangaldas Nathubhoy,Indian politician.,uncovered,0,historic_events_cc_by_sa_3,,,,baseline_v0.2.0,0,,,
CIOTD-000130,1969-03-10,institution,Central Industrial Security Force is raised,CISF traces its raising to 10 March 1969; the date is observed as the force's Raising Day.,uncovered,0,month_research_2026,Press Information Bureau / Prime Minister's Office,https://www.pib.gov.in/PressReleaseIframePage.aspx?PRID=1568464&lang=2&reg=48,high,march,0,,,
CIOTD-000131,1915-03-11,birth,Vijay Hazare,Indian cricketer.,uncovered,0,historic_events_cc_by_sa_3,,,,baseline_v0.2.0,0,,,
CIOTD-000132,1922-03-11,event,Mohandas Gandhi is arrested in Bombay for sedition,,uncovered,0,historic_events_cc_by_sa_3,,,,baseline_v0.2.0,0,,,
CIOTD-000133,1930-03-12,freedom,,Gandhi began the Salt March from Sabarmati Ashram.,covered,23966,curious_indian_archive,,,,baseline_v0.2.0,24346,article_featured_image,,
CIOTD-000134,1944-03-12,science,,Homi Bhabha wrote the Tata Trust letter that helped lay the institutional foundation for modern Indian science.,covered,14974,curious_indian_archive,,,,baseline_v0.2.0,15691,article_featured_image,,
CIOTD-000135,1993-03-12,event,1993 Bombay bombings,"1993 Bombay bombings: Several bombs explode in Bombay, India, killing 257 and injuring hundreds more.",uncovered,0,historic_events_cc_by_sa_3,,,,baseline_v0.2.0,0,,,
CIOTD-000136,1922-03-13,culture,HRH Prince of Wales Edward VIII inaugurates the Prince of Wales Royal Indian Military College in…,"HRH Prince of Wales Edward VIII inaugurates the Prince of Wales Royal Indian Military College in Dehradun, India, marking a capitulation of the British Empire to growing pressure for the Indianization of the Officer Cadre of the British Indian Army.",uncovered,0,historic_events_cc_by_sa_3,,,,baseline_v0.2.0,0,,,
CIOTD-000137,1940-03-13,freedom_movement,Udham Singh shoots and kills Michael O'Dwyer at Caxton Hall,"Udham Singh killed former Punjab lieutenant-governor Michael O'Dwyer at Caxton Hall in London, an act linked in historical memory to the Jallianwala Bagh massacre.",uncovered,0,month_research_2026,University of Bristol / South Asian Britain,https://southasianbritain-prod.rit.bristol.ac.uk/people/udham-singh/,high,march,0,,,
CIOTD-000138,1997-03-13,event,India's Missionaries of Charity chooses Sister Nirmala to succeed Mother Teresa as its leader,,uncovered,0,historic_events_cc_by_sa_3,,,,baseline_v0.2.0,0,,,
CIOTD-000139,1931-03-14,culture,"Alam Ara, India's first talkie, is released","Ardeshir Irani's Alam Ara was released in Bombay, marking the breakthrough of synchronized speech and song in Indian cinema.",uncovered,0,month_research_2026,"Publications Division, Government of India (Yojana)",https://www.publicationsdivision.nic.in/journals/Journalarchives/Yojana/Yojana-English/2022/January/Yojana_2022_January_pdf.pdf,high,march,0,,,
CIOTD-000140,1965-03-14,birth,Aamir Khan,"Indian Bollywood actor, film diector / producer, film editor, script writer.",uncovered,0,historic_events_cc_by_sa_3,,,,baseline_v0.2.0,0,,,
CIOTD-000141,1950-03-15,institution,Planning Commission of India is established,The Planning Commission was set up through a Cabinet Resolution and became the central institution for India's planned-development framework.,uncovered,0,month_research_2026,NITI Aayog / Cabinet Secretariat record,https://www.niti.gov.in/sites/default/files/2023-02/Niti_annual_report-2014-15.pdf,high,march,0,,,
CIOTD-000142,1846-03-16,treaty,Treaty of Amritsar is concluded,The Treaty of Amritsar between the British Government and Gulab Singh followed the First Anglo-Sikh War and reshaped the political status of Jammu and Kashmir.,uncovered,0,month_research_2026,Press Information Bureau / National Archives of India,https://www.pib.gov.in/PressReleasePage.aspx?PRID=1516426&lang=2&reg=48,high,march,0,,,
CIOTD-000143,1527-03-17,battle,Battle of Khanwa,Battle of Khanwa: This and two other major Moghul victories lead to the domination of northern India.,uncovered,0,historic_events_cc_by_sa_3,,,,baseline_v0.2.0,0,,,
CIOTD-000144,1864-03-17,birth,Joseph Baptista,Indian Home Rule Movement founder.,uncovered,0,historic_events_cc_by_sa_3,,,,baseline_v0.2.0,0,,,
CIOTD-000145,1959-03-17,event,"Tenzin Gyatso, the 14th Dalai Lama, starts to flee Tibet and travels to India",,uncovered,0,historic_events_cc_by_sa_3,,,,baseline_v0.2.0,0,,,
CIOTD-000146,1988-03-17,space,IRS-1A launched,"India launched IRS-1A, beginning the operational Indian Remote Sensing satellite series.",uncovered,0,isro,,,,baseline_v0.2.0,0,,,
CIOTD-000147,1922-03-18,event,"In India, Mohandas Gandhi is sentenced to 6 years in prison for sedition (he serves only 2 years)",,uncovered,0,historic_events_cc_by_sa_3,,,,baseline_v0.2.0,0,,,
CIOTD-000148,1954-03-19,birth,Indu Shahani,Indian educator and Sheriff of Mumbai.,uncovered,0,historic_events_cc_by_sa_3,,,,baseline_v0.2.0,0,,,
CIOTD-000149,1972-03-19,treaty,India and Bangladesh sign a friendship treaty,,uncovered,0,historic_events_cc_by_sa_3,,,,baseline_v0.2.0,0,,,
CIOTD-000150,1602-03-20,event,The United East India Company is established by the United Provinces States-General in…,"The United East India Company is established by the United Provinces States-General in Amsterdam, with the stated intention of capturing the spice trade from the Portuguese.",uncovered,0,historic_events_cc_by_sa_3,,,,baseline_v0.2.0,0,,,
CIOTD-000151,1739-03-20,event,"Nader Shah occupies Delhi in India and sacks the city, stealing the jewels of the Peacock…","Nader Shah occupies Delhi in India and sacks the city, stealing the jewels of the Peacock Throne, including the Koh-i-Noor.",uncovered,0,historic_events_cc_by_sa_3,,,,baseline_v0.2.0,0,,,
CIOTD-000152,1916-03-21,birth,,Ustad Bismillah Khan was born.,covered,23409,curious_indian_archive,,,,baseline_v0.2.0,23410,article_featured_image,,
CIOTD-000153,1923-03-21,birth,Shri Mataji Nirmala Srivastava,Indian founder of Sahaja Yoga.,uncovered,0,historic_events_cc_by_sa_3,,,,baseline_v0.2.0,0,,,
CIOTD-000154,1912-03-22,statehood,Bihar and Orissa Province is constituted,Bihar and Orissa were constituted as a separate province from Bengal; 22 March is commemorated as Bihar Day.,uncovered,0,month_research_2026,Government of Bihar,https://state.bihar.gov.in/health/Content.html?links=&page=Bihar+State+Profile,high,march,0,,,
CIOTD-000155,1977-03-22,death,A. K. Gopalan,Indian communist leader.,uncovered,0,historic_events_cc_by_sa_3,,,,baseline_v0.2.0,0,,,
CIOTD-000156,1931-03-23,execution,"Indian revolutionary leaders Bhagat Singh, Rajguru and Sukhdev are hanged by the British Government",,uncovered,0,historic_events_cc_by_sa_3,,,,baseline_v0.2.0,0,,,
CIOTD-000157,1940-03-23,event,The Pakistan Resolution is rallied around by the All-India Muslim League,"The Pakistan Resolution is rallied around by the All-India Muslim League; Muslims from every corner of India meet up around Iqbal Park, Lahore (now in modern-day Pakistan).",uncovered,0,historic_events_cc_by_sa_3,,,,baseline_v0.2.0,0,,,
CIOTD-000158,1953-03-23,birth,,Kiran Mazumdar-Shaw was born.,covered,22376,curious_indian_archive,,,,baseline_v0.2.0,22377,article_featured_image,,
CIOTD-000159,1977-03-24,politics,Morarji Desai begins his term as Prime Minister of India,"Morarji Desai began serving as Prime Minister on 24 March 1977, heading the first non-Congress government at the Union level.",uncovered,0,month_research_2026,Prime Ministers Museum & Library,https://pmml.gov.in/pm-sangrahalaya/pms-of-india,high,march,0,,,
CIOTD-000160,1987-03-24,space,SROSS-1 launched,India launched SROSS-1 on the first ASLV developmental flight.,uncovered,0,isro,,,,baseline_v0.2.0,0,,,
CIOTD-000161,1975-03-25,death,Deiva Zivarattinam,Indian politician.,uncovered,0,historic_events_cc_by_sa_3,,,,baseline_v0.2.0,0,,,
CIOTD-000162,1981-03-26,birth,Jay Sean,British-Indian singer.,uncovered,0,historic_events_cc_by_sa_3,,,,baseline_v0.2.0,0,,,
CIOTD-000163,1898-03-27,death,Sir Syed Ahmad Khan,Indian university founder.,uncovered,0,historic_events_cc_by_sa_3,,,,baseline_v0.2.0,0,,,
CIOTD-000164,1941-03-28,death,Kavasji Jamshedji Petigara,Indian police commissioner.,uncovered,0,historic_events_cc_by_sa_3,,,,baseline_v0.2.0,0,,,
CIOTD-000165,1972-03-28,birth,Eby J. Jose,Indian journalist and human rights activist.,uncovered,0,historic_events_cc_by_sa_3,,,,baseline_v0.2.0,0,,,
CIOTD-000166,1849-03-29,colonial,,Punjab was formally annexed by the East India Company.,covered,12530,curious_indian_archive,,,,baseline_v0.2.0,17318,article_featured_image,,
CIOTD-000167,1849-03-29,event,The United Kingdom annexes the Punjab,,uncovered,0,historic_events_cc_by_sa_3,,,,baseline_v0.2.0,0,,,
CIOTD-000168,1857-03-29,freedom_movement,Mangal Pandey attacks British officers at Barrackpore,"At Barrackpore, sepoy Mangal Pandey attacked British officers and called on fellow soldiers to resist, an episode that preceded the wider uprising of 1857.",uncovered,0,month_research_2026,"Ministry of Culture, Government of India",https://www.culture.gov.in/files/inline-documents/Martyrs_Vol_2_Part_II_06_03_2019_4.pdf,high,march,0,,,
CIOTD-000169,1949-03-30,statehood,Greater Rajasthan is formally inaugurated,"Bikaner, Jaipur, Jaisalmer and Jodhpur joined the existing Rajasthan union, and Greater Rajasthan was formally inaugurated on 30 March 1949.",uncovered,0,month_research_2026,Rajasthan Legislative Assembly,https://assembly.rajasthan.gov.in/Containers/Overview/RajLegislature.aspx,high,march,0,,,
CIOTD-000170,1931-03-31,freedom_movement,Karachi Congress adopts the Resolution on Fundamental Rights,The Indian National Congress adopted a resolution setting out fundamental civil liberties and elements of a national economic programme at its Karachi session.,uncovered,0,month_research_2026,The Nehru Archive,https://nehruarchive.in/documents/resolution-on-fundamental-rights-31-march-1931-llwk7,high,march,0,,,
CIOTD-000171,1959-03-31,event,The Dalai Lama flees from Tibet and is granted asylum in India,,uncovered,0,historic_events_cc_by_sa_3,,,,baseline_v0.2.0,0,,,
CIOTD-000172,1972-03-31,death,,Meena Kumari died.,covered,13204,curious_indian_archive,,,,baseline_v0.2.0,17632,article_featured_image,,
CIOTD-000173,1979-03-31,birth,Amey Date,Indian playback singer.,uncovered,0,historic_events_cc_by_sa_3,,,,baseline_v0.2.0,0,,,
CIOTD-000174,1907-04-01,birth,Dr. Sree Sree Shivakumara Swamiji,Indian born social reformer.,uncovered,0,historic_events_cc_by_sa_3,,,,baseline_v0.2.0,0,,,
CIOTD-000175,1935-04-01,institution,Reserve Bank of India commences operations,"The Reserve Bank of India began operations as the country's central bank under the Reserve Bank of India Act, 1934.",uncovered,0,month_research_2026,Reserve Bank of India,https://www.rbi.org.in/CommonPerson/english/history/Scripts/BriefHistory.aspx,high,april,0,,,
CIOTD-000176,1954-04-01,culture,South Point School (India) was founded that would grow to the largest school in the world by 1992,,uncovered,0,historic_events_cc_by_sa_3,,,,baseline_v0.2.0,0,,,
CIOTD-000177,1975-04-01,space,ISRO becomes a government organisation,ISRO’s institutional status was formalised as a Government of India organisation.,uncovered,0,isro,,,,baseline_v0.2.0,0,,,
CIOTD-000178,1984-04-02,space,"Indian Squadron Leader Rakesh Sharma is launched into space, aboard the Soyuz T-11",,uncovered,0,historic_events_cc_by_sa_3,,,,baseline_v0.2.0,0,,,
CIOTD-000179,1903-04-03,birth,,Kamaladevi Chattopadhyay was born.,covered,23074,curious_indian_archive,,,,baseline_v0.2.0,23075,article_featured_image,,
CIOTD-000180,1914-04-03,birth,Sam Manekshaw,Field Marshal of Indian Army.,uncovered,0,historic_events_cc_by_sa_3,,,,baseline_v0.2.0,0,,,
CIOTD-000181,1829-04-04,resistance,,The conflict led by U Tirot Sing against the British began in the Khasi Hills.,covered,20268,curious_indian_archive,,,,baseline_v0.2.0,20280,article_featured_image,,
CIOTD-000182,1905-04-04,disaster,"In India, the 1905 Kangra earthquake hits the Kangra valley, kills 20,000, and destroys most…","In India, the 1905 Kangra earthquake hits the Kangra valley, kills 20,000, and destroys most buildings in Kangra, Mcleodganj and Dharamshala.",uncovered,0,historic_events_cc_by_sa_3,,,,baseline_v0.2.0,0,,,
CIOTD-000183,1908-04-05,birth,Jagjivan Ram is born,"Freedom fighter, Constituent Assembly member and later Union minister Jagjivan Ram was born in Bhojpur, Bihar.",uncovered,0,month_research_2026,"Press Information Bureau, Government of India",https://www.pib.gov.in/newsite/erelcontent.aspx?lang=2&reg=48&relid=73040,high,april,0,,,
CIOTD-000184,1957-04-05,death,Alagappa Chettiar,Indian philanthropist.,uncovered,0,historic_events_cc_by_sa_3,,,,baseline_v0.2.0,0,,,
CIOTD-000185,1957-04-05,event,"The Communist Party of India wins the elections in Kerala, making E","The Communist Party of India wins the elections in Kerala, making E. M. S. Namboodiripad its first chief minister.",uncovered,0,historic_events_cc_by_sa_3,,,,baseline_v0.2.0,0,,,
CIOTD-000186,1930-04-06,freedom,,"At Dandi, Gandhi broke the colonial salt law.",covered,23966,curious_indian_archive,,,,baseline_v0.2.0,24346,article_featured_image,,
CIOTD-000187,1956-04-06,birth,Dilip Vengsarkar,Indian cricketer.,uncovered,0,historic_events_cc_by_sa_3,,,,baseline_v0.2.0,0,,,
CIOTD-000188,1920-04-07,birth,Ravi Shankar,Indian sitar player.,uncovered,0,historic_events_cc_by_sa_3,,,,baseline_v0.2.0,0,,,
CIOTD-000189,1857-04-08,freedom_movement,Mangal Pandey is executed at Barrackpore,"Following his court-martial after the Barrackpore incident, sepoy Mangal Pandey was hanged on 8 April 1857.",uncovered,0,month_research_2026,"Ministry of Culture, Government of India",https://www.culture.gov.in/files/inline-documents/Martyrs_Vol_2_Part_II_06_03_2019_4.pdf,high,april,0,,,
CIOTD-000190,1893-04-09,birth,Mahapandit Rahul Sankrityayan,"Great Indian Historian, Writer, Scholar.",uncovered,0,historic_events_cc_by_sa_3,,,,baseline_v0.2.0,0,,,
CIOTD-000191,1894-04-10,birth,Shri Ghanshyam Das Birla,"Indian industrialist, Gandhian, and educationalist.",uncovered,0,historic_events_cc_by_sa_3,,,,baseline_v0.2.0,0,,,
CIOTD-000192,1982-04-10,space,INSAT-1A launched,"India launched INSAT-1A, the first satellite in the INSAT-1 series.",uncovered,0,isro,,,,baseline_v0.2.0,0,,,
CIOTD-000193,1995-04-10,death,Morarji Desai,Indian politician.,uncovered,0,historic_events_cc_by_sa_3,,,,baseline_v0.2.0,0,,,
CIOTD-000194,2006-04-10,disaster,"The Brand India Fair Victoria Park fire at Meerut, Uttar Pradesh, India, kills at least 100",,uncovered,0,historic_events_cc_by_sa_3,,,,baseline_v0.2.0,0,,,
CIOTD-000195,1827-04-11,birth,Jyotirao Phule is born,Social reformer Jyotirao Govindrao Phule was born in Pune; he later became a major advocate of education and social equality.,uncovered,0,month_research_2026,New India Samachar / Press Information Bureau,https://newindiasamachar.pib.gov.in/WriteReadData/Magazine/2021/Nov/M202111161.pdf,high,april,0,,,
CIOTD-000196,2006-04-12,death,Rajkumar,Indian actor.,uncovered,0,historic_events_cc_by_sa_3,,,,baseline_v0.2.0,0,,,
CIOTD-000197,1919-04-13,massacre,,The Jallianwala Bagh massacre took place in Amritsar.,covered,12575,curious_indian_archive,,,,baseline_v0.2.0,17488,article_featured_image,,
CIOTD-000198,1973-04-13,death,,Balraj Sahni died.,covered,14106,curious_indian_archive,,,,baseline_v0.2.0,16307,article_featured_image,,
CIOTD-000199,1984-04-13,event,"India launches Operation Meghdoot, as most of the Siachen Glacier in Kashmir comes under Indian…","India launches Operation Meghdoot, as most of the Siachen Glacier in Kashmir comes under Indian control.",uncovered,0,historic_events_cc_by_sa_3,,,,baseline_v0.2.0,0,,,
CIOTD-000200,1891-04-14,birth,B. R. Ambedkar is born,Bhimrao Ramji Ambedkar was born at Mhow; he later chaired the Constitution's Drafting Committee and became India's first Law Minister.,uncovered,0,month_research_2026,"Dr. B. R. Ambedkar Writings and Speeches, Government of India",https://drambedkarwritings.gov.in/content/innerpage/about-dr-b-r-ambedkar.php,high,april,0,,,
CIOTD-000201,1922-04-14,birth,Ali Akbar Khan,Indian musician.,uncovered,0,historic_events_cc_by_sa_3,,,,baseline_v0.2.0,0,,,
CIOTD-000202,1963-04-14,death,Mahapandit Rahul Sankrityayan,"Indian Historian, writer and scholar.",uncovered,0,historic_events_cc_by_sa_3,,,,baseline_v0.2.0,0,,,
CIOTD-000203,1948-04-15,statehood,Himachal Pradesh is formed,Himachal Pradesh came into being on 15 April 1948 through the merger of 30 princely states of the region.,uncovered,0,month_research_2026,"Government of Himachal Pradesh, Department of Revenue",https://himachal.nic.in/revenue/Content/MenuContent?qs=jRiHtBWiyFA%2F%2FdRqvYtAUA%3D%3D,high,april,0,,,
CIOTD-000204,1853-04-16,transport,India's first passenger train runs from Bombay to Thane,"India's first passenger railway service began with a train from Bombay to Thane, covering about 34 kilometres.",uncovered,0,month_research_2026,Indian Railways,https://indianrailways.gov.in/Indian%20Railways%20Whistling%20Ahead-%20%20Story%20of%20Growth%20and%20Modernisation-Booklet.pdf,high,april,0,,,
CIOTD-000205,1976-04-16,event,"As a measure to curb population growth, the minimum age for marriage in India is raised to 21…","As a measure to curb population growth, the minimum age for marriage in India is raised to 21 years for men and 18 years for women.",uncovered,0,historic_events_cc_by_sa_3,,,,baseline_v0.2.0,0,,,
CIOTD-000206,1978-04-16,birth,Lara Dutta,Indian actress.,uncovered,0,historic_events_cc_by_sa_3,,,,baseline_v0.2.0,0,,,
CIOTD-000207,1975-04-17,death,Sarvepalli Radhakrishnan,Indian philosopher and president.,uncovered,0,historic_events_cc_by_sa_3,,,,baseline_v0.2.0,0,,,
CIOTD-000208,1983-04-17,space,RS-D2 launched,India launched the Rohini Satellite RS-D2 mission.,uncovered,0,isro,,,,baseline_v0.2.0,0,,,
CIOTD-000209,1930-04-18,freedom,,Surya Sen and his group launched the Chittagong Armoury Raid.,covered,22012,curious_indian_archive,,,,baseline_v0.2.0,22014,article_featured_image,,
CIOTD-000210,1930-04-18,battle,The Chittagong Rebellion begins in India,,uncovered,0,historic_events_cc_by_sa_3,,,,baseline_v0.2.0,0,,,
CIOTD-000211,1864-04-19,birth,Mahatma Hansraj,"Indian educationist, and Arya Samaj leader.",uncovered,0,historic_events_cc_by_sa_3,,,,baseline_v0.2.0,0,,,
CIOTD-000212,1975-04-19,space,Aryabhata launched,"Aryabhata, India’s first satellite, was launched.",uncovered,0,isro,,,,baseline_v0.2.0,0,,,
CIOTD-000213,1955-04-20,birth,Seema Mustafa,Indian politician and journalist.,uncovered,0,historic_events_cc_by_sa_3,,,,baseline_v0.2.0,0,,,
CIOTD-000214,1526-04-21,battle,,The First Battle of Panipat was fought.,covered,12421,curious_indian_archive,,,,baseline_v0.2.0,24912,article_featured_image,,
CIOTD-000215,1938-04-21,death,Allama Iqbal,Indian philosopher and poet.,uncovered,0,historic_events_cc_by_sa_3,,,,baseline_v0.2.0,0,,,
CIOTD-000216,1914-04-22,birth,Baldev Raj Chopra,Indian film director.,uncovered,0,historic_events_cc_by_sa_3,,,,baseline_v0.2.0,0,,,
CIOTD-000217,1958-04-22,military,R. D. Katari becomes the first Indian Chief of the Naval Staff,"Vice Admiral Ram Dass Katari took over as Chief of the Naval Staff, becoming the first Indian officer to head the Indian Navy.",uncovered,0,month_research_2026,The Nehru Archive,https://nehruarchive.in/documents/role-of-the-navy-in-defending-india-26-april-1958-067qn,high,april,0,,,
CIOTD-000218,1858-04-23,birth,,Pandita Ramabai was born.,covered,23104,curious_indian_archive,,,,baseline_v0.2.0,23106,article_featured_image,,
CIOTD-000219,1891-04-23,battle,,The Battle of Khongjom was fought in Manipur.,covered,20305,curious_indian_archive,,,,baseline_v0.2.0,20306,article_featured_image,,
CIOTD-000220,1965-04-23,birth,Jamling Tenzing Norgay,Indian mountain climber.,uncovered,0,historic_events_cc_by_sa_3,,,,baseline_v0.2.0,0,,,
CIOTD-000221,1992-04-23,death,,Satyajit Ray died.,covered,13377,curious_indian_archive,,,,baseline_v0.2.0,16723,article_featured_image,,
CIOTD-000222,1942-04-24,death,Deenanath Mangeshkar,Indian singer and composer.,uncovered,0,historic_events_cc_by_sa_3,,,,baseline_v0.2.0,0,,,
CIOTD-000223,1973-04-24,law,,The Supreme Court delivered the Kesavananda Bharati judgment and articulated the basic structure doctrine.,covered,24091,curious_indian_archive,,,,baseline_v0.2.0,24347,article_featured_image,,
CIOTD-000224,1973-04-24,birth,Sachin Tendulkar,Indian cricketer.,uncovered,0,historic_events_cc_by_sa_3,,,,baseline_v0.2.0,0,,,
CIOTD-000225,1993-04-24,constitution,The 73rd Constitutional Amendment comes into force,"The Constitution (73rd Amendment) Act came into force, giving constitutional status to Panchayati Raj institutions.",uncovered,0,month_research_2026,Press Information Bureau / Ministry of Panchayati Raj,https://www.pib.gov.in/PressReleasePage.aspx?PRID=1713599&lang=2&reg=48,high,april,0,,,
CIOTD-000226,2015-04-25,disaster,"A major earthquake in Nepal, measuring 7","A major earthquake in Nepal, measuring 7.8 on the Richter scale, results in nearly 9,000 deaths in Nepal, India, China, and Bangladesh.",uncovered,0,historic_events_cc_by_sa_3,,,,baseline_v0.2.0,0,,,
CIOTD-000227,1853-04-26,event,The first passenger railway in India had recently opened between Bombay and Thane,The first passenger railway in India had recently opened between Bombay and Thane; 1853 marked the beginning of India’s passenger railway era.,uncovered,0,historic_events_cc_by_sa_3,,,,baseline_v0.2.0,0,,,
CIOTD-000228,1920-04-26,death,Srinivasa Ramanujan,Indian mathematician.,uncovered,0,historic_events_cc_by_sa_3,,,,baseline_v0.2.0,0,,,
CIOTD-000229,1912-04-27,birth,Zohra Segal,Indian stage and film actress.,uncovered,0,historic_events_cc_by_sa_3,,,,baseline_v0.2.0,0,,,
CIOTD-000230,1980-04-27,birth,Zayed Khan,Indian actor.,uncovered,0,historic_events_cc_by_sa_3,,,,baseline_v0.2.0,0,,,
CIOTD-000231,1949-04-28,event,"India issues the London Declaration, enabling it (and, thereafter, any other nation) to remain…","India issues the London Declaration, enabling it (and, thereafter, any other nation) to remain in the British Commonwealth despite becoming a republic, creating the position of 'Head of the Commonwealth', and renaming the organisation as the 'Commonwealth of Nations'.",uncovered,0,historic_events_cc_by_sa_3,,,,baseline_v0.2.0,0,,,
CIOTD-000232,2008-04-28,space,India sets a world record by sending 10 satellites into orbit in a single launch,,uncovered,0,historic_events_cc_by_sa_3,,,,baseline_v0.2.0,0,,,
CIOTD-000233,1758-04-29,battle,Battle of Cuddalore,Battle of Cuddalore: A British fleet under Sir George Pocock engages the French fleet of Anne Antoine d'Aché indecisively near Madras.,uncovered,0,historic_events_cc_by_sa_3,,,,baseline_v0.2.0,0,,,
CIOTD-000234,1954-04-29,diplomacy,India and China sign the 1954 Tibet trade agreement,India and China signed the Agreement on Trade and Intercourse between the Tibet Region of China and India; its preamble set out the Five Principles later known as Panchsheel.,uncovered,0,month_research_2026,"Ministry of External Affairs, Government of India",https://www.mea.gov.in/images/pdf/India-ChinaEncyclopedia_Vol-1.pdf,high,april,0,,,
CIOTD-000235,2020-04-29,death,,Irrfan Khan died.,covered,13677,curious_indian_archive,,,,baseline_v0.2.0,17032,article_featured_image,,
CIOTD-000236,1870-04-30,birth,Dadasaheb Phalke is born,"Filmmaker Dhundiraj Govind Phalke, widely regarded as the father of Indian cinema, was born at Trimbakeshwar near Nashik.",covered,11794,month_research_2026,New India Samachar / Press Information Bureau,https://newindiasamachar.pib.gov.in/WriteReadData/Magazine/2026/Apr/M202604161.pdf,high,april,24544,article_featured_image,,
CIOTD-000237,2020-04-30,death,,Rishi Kapoor died.,covered,14029,curious_indian_archive,,,,baseline_v0.2.0,17245,article_featured_image,,
CIOTD-000238,1876-05-01,event,Queen Victoria takes the title Empress of India,,uncovered,0,historic_events_cc_by_sa_3,,,,baseline_v0.2.0,0,,,
CIOTD-000239,1919-05-01,event,Amanullah Khan attacks British government in India,,uncovered,0,historic_events_cc_by_sa_3,,,,baseline_v0.2.0,0,,,
CIOTD-000240,1944-05-01,birth,Suresh Kalmadi,Indian politician.,uncovered,0,historic_events_cc_by_sa_3,,,,baseline_v0.2.0,0,,,
CIOTD-000241,1960-05-01,statehood,Bombay State is reorganized into Maharashtra and Gujarat,"The Bombay Reorganisation Act took effect on 1 May 1960, creating the State of Gujarat and renaming the residuary State of Bombay as Maharashtra.",uncovered,0,month_research_2026,"India Code, Ministry of Law and Justice",https://www.indiacode.nic.in/bitstream/123456789/1535/1/196011.pdf,high,may,0,,,
CIOTD-000242,1921-05-02,birth,Satyajit Ray,Indian filmmaker.,uncovered,0,historic_events_cc_by_sa_3,,,,baseline_v0.2.0,0,,,
CIOTD-000243,1913-05-03,culture,"Raja Harishchandra the first full-length Indian feature film was released, marking the beginning…","Raja Harishchandra the first full-length Indian feature film was released, marking the beginning of the Indian film industry.",uncovered,0,historic_events_cc_by_sa_3,,,,baseline_v0.2.0,0,,,
CIOTD-000244,1939-05-03,event,The All India Forward Bloc is formed by Netaji Subhash Chandra Bose,,uncovered,0,historic_events_cc_by_sa_3,,,,baseline_v0.2.0,0,,,
CIOTD-000245,1966-05-03,birth,Firdous Bamji,Indian-American actor.,uncovered,0,historic_events_cc_by_sa_3,,,,baseline_v0.2.0,0,,,
CIOTD-000246,2006-05-03,death,Pramod Mahajan,Indian Bharatiya Janata Party politician and strategist.,uncovered,0,historic_events_cc_by_sa_3,,,,baseline_v0.2.0,0,,,
CIOTD-000247,1799-05-04,battle,,Tipu Sultan died defending Seringapatam.,covered,12523,curious_indian_archive,,,,baseline_v0.2.0,22617,article_featured_image,,
CIOTD-000248,1945-05-04,birth,Narasinham Ram,Indian journalist.,uncovered,0,historic_events_cc_by_sa_3,,,,baseline_v0.2.0,0,,,
CIOTD-000249,1944-05-05,event,World War II,World War II: Mohandas Gandhi is released in India.,uncovered,0,historic_events_cc_by_sa_3,,,,baseline_v0.2.0,0,,,
CIOTD-000250,1861-05-06,birth,Motilal Nehru is born,Lawyer and nationalist leader Motilal Nehru was born in Agra; he later served twice as president of the Indian National Congress and helped lead the Swaraj Party.,uncovered,0,month_research_2026,"Digital Sansad, Lok Sabha Secretariat",https://sansad.in/ls/library/statue/18,high,may,0,,,
CIOTD-000251,1967-05-06,politics,Dr,Dr. Zakir Hussain is the first Muslim to become president of India.,uncovered,0,historic_events_cc_by_sa_3,,,,baseline_v0.2.0,0,,,
CIOTD-000252,1861-05-07,birth,Rabindranath Tagore,"Indian writer, Nobel Prize laureate.",uncovered,0,historic_events_cc_by_sa_3,,,,baseline_v0.2.0,0,,,
CIOTD-000253,1916-05-08,birth,Chinmayananda,Indian spiritual leader.,uncovered,0,historic_events_cc_by_sa_3,,,,baseline_v0.2.0,0,,,
CIOTD-000254,1874-05-09,event,"The first horse drawn carriage makes its debut in the city of Mumbai, plying on two routes",,uncovered,0,historic_events_cc_by_sa_3,,,,baseline_v0.2.0,0,,,
CIOTD-000255,1985-05-09,birth,Neha Bamb,Indian Actress.,uncovered,0,historic_events_cc_by_sa_3,,,,baseline_v0.2.0,0,,,
CIOTD-000256,1857-05-10,uprising,,"The uprising at Meerut began, igniting the Revolt of 1857.",covered,12536,curious_indian_archive,,,,baseline_v0.2.0,17441,article_featured_image,,
CIOTD-000257,1857-05-10,battle,Indian rebellion of 1857,"Indian rebellion of 1857: The 3rd Light Cavalry of the British East India Company's army rebels against its British officers, thus beginning the rebellion.",uncovered,0,historic_events_cc_by_sa_3,,,,baseline_v0.2.0,0,,,
CIOTD-000258,1946-05-10,politics,Nehru is elected leader of the Congress Party in India,,uncovered,0,historic_events_cc_by_sa_3,,,,baseline_v0.2.0,0,,,
CIOTD-000259,1998-05-11,nuclear,,India conducted the first group of Pokhran-II nuclear tests.,covered,12697,curious_indian_archive,,,,baseline_v0.2.0,18126,article_featured_image,,
CIOTD-000260,1875-05-12,birth,Krishna Chandra Bhattacharya,Indian philosopher.,uncovered,0,historic_events_cc_by_sa_3,,,,baseline_v0.2.0,0,,,
CIOTD-000261,2015-05-12,disaster,"A second major earthquake in Nepal, measuring 7","A second major earthquake in Nepal, measuring 7.3 on the Richter scale, results in more than 200 deaths in Nepal, India, China, and Bangladesh.",uncovered,0,historic_events_cc_by_sa_3,,,,baseline_v0.2.0,0,,,
CIOTD-000262,1952-05-13,event,Pandit Nehru forms his first government in India,,uncovered,0,historic_events_cc_by_sa_3,,,,baseline_v0.2.0,0,,,
CIOTD-000263,1952-05-13,institution,Rajya Sabha holds its first sitting,"The Council of States, later commonly known as Rajya Sabha, held its first sitting at 10:45 a.m. with Dr. S. Radhakrishnan in the Chair.",uncovered,0,month_research_2026,Rajya Sabha Secretariat,https://cms.rajyasabha.nic.in/UploadedFiles/Procedure/RajyaSabhaAtWork/English/365-396/CHAPTER11.pdf,high,may,0,,,
CIOTD-000264,1956-05-13,birth,Sri Sri Ravi Shankar,Indian guru.,uncovered,0,historic_events_cc_by_sa_3,,,,baseline_v0.2.0,0,,,
CIOTD-000265,1998-05-13,nuclear,,India conducted the final Pokhran-II tests.,covered,12697,curious_indian_archive,,,,baseline_v0.2.0,18126,article_featured_image,,
CIOTD-000266,1998-05-13,nuclear,India carries out 2 more nuclear tests at Pokhran,India carries out 2 more nuclear tests at Pokhran. The United States and Japan impose economic sanctions on India.,uncovered,0,historic_events_cc_by_sa_3,,,,baseline_v0.2.0,0,,,
CIOTD-000267,2001-05-13,death,R. K. Narayan,Indian novelist.,uncovered,0,historic_events_cc_by_sa_3,,,,baseline_v0.2.0,0,,,
CIOTD-000268,1879-05-14,event,The first group of 463 Indian indentured labourers arrive in Fiji abroad the Leonidas,,uncovered,0,historic_events_cc_by_sa_3,,,,baseline_v0.2.0,0,,,
CIOTD-000269,1817-05-15,birth,Debendranath Tagore,Indian philosopher.,uncovered,0,historic_events_cc_by_sa_3,,,,baseline_v0.2.0,0,,,
CIOTD-000270,1931-05-16,birth,Natwar Singh,Indian politician.,uncovered,0,historic_events_cc_by_sa_3,,,,baseline_v0.2.0,0,,,
CIOTD-000271,1975-05-16,event,Sikkim accedes to India after a referendum,,uncovered,0,historic_events_cc_by_sa_3,,,,baseline_v0.2.0,0,,,
CIOTD-000272,1951-05-17,birth,Pankaj Udhas is born,"Ghazal singer Pankaj Udhas was born in Jetpur, Gujarat; he became one of the best-known modern performers of the ghazal form in India.",uncovered,0,month_research_2026,"Padma Awards, Ministry of Home Affairs",https://www.padmaawards.gov.in/Document/pdf/CitationsForTickets/2025/202519.pdf,high,may,0,,,
CIOTD-000273,1974-05-18,nuclear,,India carried out its first nuclear test at Pokhran.,covered,12662,curious_indian_archive,,,,baseline_v0.2.0,17323,article_featured_image,,
CIOTD-000274,1913-05-19,birth,Neelam Sanjiva Reddy is born,Neelam Sanjiva Reddy was born on 19 May 1913; he later served as Speaker of the Lok Sabha and as the sixth President of India.,uncovered,0,month_research_2026,President of India,https://presidentofindia.nic.in/former-president/shri-neelam-sanjiva-reddy,high,may,0,,,
CIOTD-000275,1498-05-20,exploration,,Vasco da Gama reached the Malabar Coast at Calicut.,covered,12414,curious_indian_archive,,,,baseline_v0.2.0,24909,article_featured_image,,
CIOTD-000276,1894-05-20,birth,Chandrashekarendra Saraswati,Indian religious scholar and saint.,uncovered,0,historic_events_cc_by_sa_3,,,,baseline_v0.2.0,0,,,
CIOTD-000277,1992-05-20,space,SROSS-C launched,India launched the SROSS-C scientific satellite.,uncovered,0,isro,,,,baseline_v0.2.0,0,,,
CIOTD-000278,1921-05-21,birth,Prabhat Ranjan Sarkar,"Indian philosopher, author of the socio-economic ""Progressive Utilization Theory"".",uncovered,0,historic_events_cc_by_sa_3,,,,baseline_v0.2.0,0,,,
CIOTD-000279,1991-05-21,execution,"In Sriperumbudur, India, former Prime Minister Rajiv Gandhi is assassinated",,uncovered,0,historic_events_cc_by_sa_3,,,,baseline_v0.2.0,0,,,
CIOTD-000280,1772-05-22,birth,Raja Rammohan Roy is born,Reformer and journalist Raja Rammohan Roy was born at Radhanagar in Bengal; he became a major figure in nineteenth-century Indian social and intellectual reform.,uncovered,0,month_research_2026,New India Samachar / Press Information Bureau,https://newindiasamachar.pib.gov.in/WriteReadData/story/2022/May/S202205165655.pdf,high,may,0,,,
CIOTD-000281,2010-05-22,event,"Air India Express Flight 812 overshoots the runway at Mangalore International Airport in India,…","Air India Express Flight 812 overshoots the runway at Mangalore International Airport in India, killing 158 and leaving 8 survivors.",uncovered,0,historic_events_cc_by_sa_3,,,,baseline_v0.2.0,0,,,
CIOTD-000282,1897-05-23,death,Pusapati Ananda Gajapati Raju,Indian rajah.,uncovered,0,historic_events_cc_by_sa_3,,,,baseline_v0.2.0,0,,,
CIOTD-000283,1984-05-23,sport,Bachendri Pal becomes the first Indian woman to summit Mount Everest,"Bachendri Pal reached the summit of Mount Everest at 1:07 p.m., becoming the first Indian woman to reach the world’s highest peak.",uncovered,0,month_research_2026,"Press Information Bureau, Government of India",https://static.pib.gov.in/WriteReadData/userfiles/Bio-112_First%20Ladies.pdf,high,may,0,,,
CIOTD-000284,1971-05-24,mystery,,The Nagarwala bank scandal unfolded in New Delhi.,covered,15223,curious_indian_archive,,,,baseline_v0.2.0,15225,article_featured_image,,
CIOTD-000285,1956-05-25,event,India announces the institution of diplomatic relations with Spain (still under Franco's rule),,uncovered,0,historic_events_cc_by_sa_3,,,,baseline_v0.2.0,0,,,
CIOTD-000286,2005-05-25,death,Ismail Merchant,Indian film producer.,uncovered,0,historic_events_cc_by_sa_3,,,,baseline_v0.2.0,0,,,
CIOTD-000287,1999-05-26,event,The Indian Air Force launches an attack on intruding Pakistan Army troops and mujahadeen…,The Indian Air Force launches an attack on intruding Pakistan Army troops and mujahadeen militants in Kashmir.,uncovered,0,historic_events_cc_by_sa_3,,,,baseline_v0.2.0,0,,,
CIOTD-000288,2014-05-26,politics,Narendra Modi is sworn in as Prime Minister of India,President Pranab Mukherjee administered the oath of office to Narendra Modi as Prime Minister at Rashtrapati Bhavan on 26 May 2014.,covered,12724,month_research_2026,Prime Minister of India,https://www.pmindia.gov.in/en/news_updates/prime-minister-narendra-modi-being-sworn-in-by-president-pranab-mukherjee-at-rashtrapathi-bhavan-in-new-delhi-on-may-26-2014/?comment=disable,high,may,17282,article_featured_image,,
CIOTD-000289,1962-05-27,birth,Ravi Shastri,Indian cricketer.,uncovered,0,historic_events_cc_by_sa_3,,,,baseline_v0.2.0,0,,,
CIOTD-000290,1964-05-27,politics,Prime Minister of India Jawaharlal Nehru dies,Prime Minister of India Jawaharlal Nehru dies; he is succeeded by Lal Bahadur Shastri.,uncovered,0,historic_events_cc_by_sa_3,,,,baseline_v0.2.0,0,,,
CIOTD-000291,1923-05-28,birth,NTR,"Nandamuri Taraka Rama Rao, Indian film actor.",uncovered,0,historic_events_cc_by_sa_3,,,,baseline_v0.2.0,0,,,
CIOTD-000292,1987-05-29,death,Chaudhary Charan Singh dies,Former Prime Minister Chaudhary Charan Singh died on 29 May 1987; Parliament later recorded tributes to his public career and work on agrarian issues.,uncovered,0,month_research_2026,"Digital Sansad, Lok Sabha Secretariat",https://sansad.in/uploads/21122021_162418_1021206200_1_c4d0243788.pdf,high,may,0,,,
CIOTD-000293,1662-05-30,event,Catherine of Braganza marries Charles II of England,"Catherine of Braganza marries Charles II of England; as part of the dowry, Portugal cedes Bombay and Tangier to England.",uncovered,0,historic_events_cc_by_sa_3,,,,baseline_v0.2.0,0,,,
CIOTD-000294,1987-05-30,statehood,Goa attains statehood,"Goa became India’s twenty-fifth state on 30 May 1987, while Daman and Diu remained a separate Union Territory.",uncovered,0,month_research_2026,"Government of Goa, Department of Information and Publicity",https://dip.goa.gov.in/about-goa/,high,may,0,,,
CIOTD-000295,1981-05-31,space,RS-D1 launched,India launched the Rohini Satellite RS-D1 mission.,uncovered,0,isro,,,,baseline_v0.2.0,0,,,
CIOTD-000296,1972-06-01,space,Space Commission and Department of Space set up,India established the Space Commission and Department of Space.,uncovered,0,isro,,,,baseline_v0.2.0,0,,,
CIOTD-000297,1979-06-01,event,"The Vizianagaram district is formed in Andhra Pradesh, India",,uncovered,0,historic_events_cc_by_sa_3,,,,baseline_v0.2.0,0,,,
CIOTD-000298,1869-06-02,culture,"Sherwood College is founded in Nainital, India",,uncovered,0,historic_events_cc_by_sa_3,,,,baseline_v0.2.0,0,,,
CIOTD-000299,1943-06-02,birth,Ilayaraaja,Indian composer.,uncovered,0,historic_events_cc_by_sa_3,,,,baseline_v0.2.0,0,,,
CIOTD-000300,2014-06-02,death,Duraisamy Simon Lourdusamy,Indian cardinal.,uncovered,0,historic_events_cc_by_sa_3,,,,baseline_v0.2.0,0,,,
CIOTD-000301,2014-06-02,statehood,Telangana becomes India's 29th state,"The State of Telangana formally came into existence on 2 June 2014 following the Andhra Pradesh Reorganisation Act, 2014.",uncovered,0,month_research_2026,Government of Telangana,https://medak.telangana.gov.in/festival/telangana-state-formation/,high,june,0,,,
CIOTD-000302,1947-06-03,partition,The 3 June Plan for the transfer of power is announced,The British Government announced proposals for an accelerated transfer of power that envisaged the possible partition of British India and set out procedures for the provinces concerned.,uncovered,0,month_research_2026,The Nehru Archive,https://nehruarchive.in/documents/on-the-new-constitutional-proposals-3-june-1947-n5ne7p,high,june,0,,,
CIOTD-000303,1924-06-04,science,,Satyendra Nath Bose wrote to Albert Einstein after his paper had been rejected in Britain.,covered,14995,curious_indian_archive,,,,baseline_v0.2.0,15715,article_featured_image,,
CIOTD-000304,1984-06-05,event,"The Indian government begins Operation Blue Star, the planned attack on the Golden Temple in…","The Indian government begins Operation Blue Star, the planned attack on the Golden Temple in Amritsar.",uncovered,0,historic_events_cc_by_sa_3,,,,baseline_v0.2.0,0,,,
CIOTD-000305,1674-06-06,event,Shivaji is crowned at Raigad,"Shivaji was formally crowned at Raigad by Gaga Bhatt on 6 June 1674, marking his assumption of the title Chhatrapati.",uncovered,0,month_research_2026,Maharashtra State Bureau of Textbook Production and Curriculum Research,https://ebooks.ebalbharati.in/pdfs/703000584.pdf,high,june,0,,,
CIOTD-000306,1949-06-06,event,"With the passage of the Bodh Gaya Temple Act by the Indian government, Mahabodhi Temple is…","With the passage of the Bodh Gaya Temple Act by the Indian government, Mahabodhi Temple is restored to partial Buddhist control.",uncovered,0,historic_events_cc_by_sa_3,,,,baseline_v0.2.0,0,,,
CIOTD-000307,1981-06-06,disaster,"A passenger train derailed and plunged into the Bagmati River in Bihar, killing hundreds of…","A passenger train derailed and plunged into the Bagmati River in Bihar, killing hundreds of people in one of India’s deadliest rail disasters.",uncovered,0,historic_events_cc_by_sa_3,,,,baseline_v0.2.0,0,,,
CIOTD-000308,1974-06-07,birth,Mahesh Bhupathi,Indian tennis player.,uncovered,0,historic_events_cc_by_sa_3,,,,baseline_v0.2.0,0,,,
CIOTD-000309,1979-06-07,space,Bhaskara-I launched,India launched the Bhaskara-I experimental Earth-observation satellite.,uncovered,0,isro,,,,baseline_v0.2.0,0,,,
CIOTD-000310,1690-06-08,event,"Siddi general Yadi Sakat, razes the Mazagon Fort in Mumbai",,uncovered,0,historic_events_cc_by_sa_3,,,,baseline_v0.2.0,0,,,
CIOTD-000311,1936-06-08,media,Indian State Broadcasting Service becomes All India Radio,"The Indian State Broadcasting Service was renamed All India Radio on 8 June 1936, establishing the name used by India's national public radio broadcaster.",uncovered,0,month_research_2026,Akashvani News / Prasar Bharati,https://newsonair.gov.in/all-india-radio-aizawl-marks-90th-anniversary-with-lamp-lighting-ceremony/,high,june,0,,,
CIOTD-000312,1900-06-09,death,Birsa Munda dies in Ranchi jail,Tribal leader Birsa Munda died in Ranchi jail on 9 June 1900 after leading the Ulgulan resistance against colonial rule and exploitative land systems.,uncovered,0,month_research_2026,"Ministry of Culture, Government of India",https://www.culture.gov.in/files/publications_documents/Martyrs_Vol_4_06_03_2019_6.pdf,high,june,0,,,
CIOTD-000313,1977-06-09,birth,Roopa Mishra,Indian civil servant.,uncovered,0,historic_events_cc_by_sa_3,,,,baseline_v0.2.0,0,,,
CIOTD-000314,2011-06-09,death,M.F. Hussain,Indian painter.,uncovered,0,historic_events_cc_by_sa_3,,,,baseline_v0.2.0,0,,,
CIOTD-000315,1955-06-10,birth,Prakash Padukone is born,Badminton champion Prakash Padukone was born on 10 June 1955; he later became the first Indian to win the All England Open Badminton Championships.,uncovered,0,month_research_2026,Akashvani News / Prasar Bharati,https://newsonair.gov.in/bulletins-detail/parikrama-68/,high,june,0,,,
CIOTD-000316,1866-06-11,law,The Agra High Court is established (later shifted to the Allahabad High Court),,uncovered,0,historic_events_cc_by_sa_3,,,,baseline_v0.2.0,0,,,
CIOTD-000317,1897-06-11,birth,,Ram Prasad Bismil was born.,covered,23592,curious_indian_archive,,,,baseline_v0.2.0,23594,article_featured_image,,
CIOTD-000318,1897-06-12,event,"The world's first Fingerprint Bureau opens in Calcutta (now Kolkata), India, after the Council…","The world's first Fingerprint Bureau opens in Calcutta (now Kolkata), India, after the Council of the Governor General approves a committee report that fingerprints should be used for classification of criminal records.",uncovered,0,historic_events_cc_by_sa_3,,,,baseline_v0.2.0,0,,,
CIOTD-000319,1990-06-12,space,INSAT-1D launched,India launched the INSAT-1D multipurpose satellite.,uncovered,0,isro,,,,baseline_v0.2.0,0,,,
CIOTD-000320,1937-06-13,birth,,Raj Reddy was born.,covered,15311,curious_indian_archive,,,,baseline_v0.2.0,18584,article_featured_image,,
CIOTD-000321,2013-06-14,disaster,Flash floods and landslides in the Indian states of Uttarakhand and Himachal Pradesh kill more…,"(June 14 - June 30) Flash floods and landslides in the Indian states of Uttarakhand and Himachal Pradesh kill more than 5,700 people and trap more than 20,000.",uncovered,0,historic_events_cc_by_sa_3,,,,baseline_v0.2.0,0,,,
CIOTD-000322,1515-06-15,culture,,Chaitanya Mahaprabhu visited Ramkeli in Bengal.,covered,24990,curious_indian_archive,,,,baseline_v0.2.0,25058,article_featured_image,,
CIOTD-000323,1943-06-15,execution,,Kushal Konwar was executed by the British colonial government.,covered,22475,curious_indian_archive,,,,baseline_v0.2.0,22477,article_featured_image,,
CIOTD-000324,1950-06-15,birth,Lakshmi Mittal,Indian industrialist.,uncovered,0,historic_events_cc_by_sa_3,,,,baseline_v0.2.0,0,,,
CIOTD-000325,2015-06-16,death,Charles Correa,Indian architect.,uncovered,0,historic_events_cc_by_sa_3,,,,baseline_v0.2.0,0,,,
CIOTD-000326,1952-06-17,birth,Sarbjit Singh Chadha,Indian enka singer.,uncovered,0,historic_events_cc_by_sa_3,,,,baseline_v0.2.0,0,,,
CIOTD-000327,1946-06-18,freedom_movement,Goa's mass civil-resistance movement gathers momentum,"On 18 June 1946, Ram Manohar Lohia and Julião Menezes led an initiative challenging Portuguese restrictions in Goa, remembered as the beginning of the mass movement commemorated as Goa Revolution Day.",uncovered,0,month_research_2026,"Government of Goa, Department of Information and Publicity",https://dip.goa.gov.in/freedom-is-not-only-confined-to-political-but-to-social-economic-governor/,high,june,0,,,
CIOTD-000328,1947-06-19,birth,Salman Rushdie,Indian-born British author.,uncovered,0,historic_events_cc_by_sa_3,,,,baseline_v0.2.0,0,,,
CIOTD-000329,1949-06-19,death,Syed Zafarul Hasan,Indian/Pakistani Muslim philosopher.,uncovered,0,historic_events_cc_by_sa_3,,,,baseline_v0.2.0,0,,,
CIOTD-000330,1981-06-19,space,APPLE launched,India launched the APPLE experimental communication satellite.,uncovered,0,isro,,,,baseline_v0.2.0,0,,,
CIOTD-000331,1858-06-20,battle,The last rebels of the Indian Mutiny surrender in Gwalior,,uncovered,0,historic_events_cc_by_sa_3,,,,baseline_v0.2.0,0,,,
CIOTD-000332,1952-06-20,birth,Vikram Seth,Indian novelist.,uncovered,0,historic_events_cc_by_sa_3,,,,baseline_v0.2.0,0,,,
CIOTD-000333,1991-06-21,politics,P. V. Narasimha Rao begins his term as Prime Minister,P. V. Narasimha Rao's tenure as Prime Minister of India began on 21 June 1991 and continued until 16 May 1996.,uncovered,0,month_research_2026,Prime Minister of India,https://www.pmindia.gov.in/en/former_pm/shri-p-v-narasimha-rao-2/,high,june,0,,,
CIOTD-000334,2015-06-21,culture,The first International Day of Yoga is observed,"The first International Day of Yoga was observed globally on 21 June 2015, with India's main mass demonstration held at Rajpath in New Delhi.",uncovered,0,month_research_2026,"Press Information Bureau, Government of India",https://www.pib.gov.in/newsite/PrintRelease.aspx?lang=2&reg=48&relid=122660,high,june,0,,,
CIOTD-000335,1897-06-22,event,The Chapekar brothers attacked British plague officials W,The Chapekar brothers attacked British plague officials W. C. Rand and Lt. Charles Ayerst in Pune; the episode became an early milestone in revolutionary anti-colonial violence.,uncovered,0,historic_events_cc_by_sa_3,,,,baseline_v0.2.0,0,,,
CIOTD-000336,1757-06-23,battle,,The Battle of Plassey was fought.,covered,12504,curious_indian_archive,,,,baseline_v0.2.0,17386,article_featured_image,,
CIOTD-000337,1953-06-23,death,,Syama Prasad Mookerjee died in detention in Kashmir.,covered,15167,curious_indian_archive,,,,baseline_v0.2.0,15179,article_featured_image,,
CIOTD-000338,1980-06-23,death,Sanjay Gandhi,Indian son of Indira Gandhi.,uncovered,0,historic_events_cc_by_sa_3,,,,baseline_v0.2.0,0,,,
CIOTD-000339,1985-06-23,event,"Air India Flight 182, a Boeing 747, blows up 31,000 feet (9,500 m) above the Atlantic Ocean,…","Air India Flight 182, a Boeing 747, blows up 31,000 feet (9,500 m) above the Atlantic Ocean, south of Ireland, killing all 329 aboard.",uncovered,0,historic_events_cc_by_sa_3,,,,baseline_v0.2.0,0,,,
CIOTD-000340,1885-06-24,event,Randolph Churchill becomes Secretary of State for India,,uncovered,0,historic_events_cc_by_sa_3,,,,baseline_v0.2.0,0,,,
CIOTD-000341,1950-06-24,death,Darwan Singh Negi,Indian VC recipient.,uncovered,0,historic_events_cc_by_sa_3,,,,baseline_v0.2.0,0,,,
CIOTD-000342,1955-06-24,birth,Gurumayi Chidvilasananda,Indian head of Siddha Yoga.,uncovered,0,historic_events_cc_by_sa_3,,,,baseline_v0.2.0,0,,,
CIOTD-000343,1974-06-25,birth,Karisma Kapoor,Indian actress.,uncovered,0,historic_events_cc_by_sa_3,,,,baseline_v0.2.0,0,,,
CIOTD-000344,1975-06-25,politics,"Prime Minister Indira Gandhi declares a state of emergency in India, suspending civil liberties…","Prime Minister Indira Gandhi declares a state of emergency in India, suspending civil liberties and elections.",uncovered,0,historic_events_cc_by_sa_3,,,,baseline_v0.2.0,0,,,
CIOTD-000345,1874-06-26,birth,Rajarshi Shahu Maharaj is born,"Shahu of Kolhapur, later known as Rajarshi Chhatrapati Shahu Maharaj and associated with major educational and social reforms in Kolhapur State, was born on 26 June 1874.",uncovered,0,month_research_2026,"Rajarshi Shahu Mahavidyalaya, Latur",https://www.shahucollegelatur.org.in/Shabdgandh/2022-23/Shabdgandh_2022_23.pdf,high,june,0,,,
CIOTD-000346,1940-06-27,birth,Anil Karanjai,Indian painter of the Hungry generation movement.,uncovered,0,historic_events_cc_by_sa_3,,,,baseline_v0.2.0,0,,,
CIOTD-000347,2008-06-27,death,Sam Manekshaw,Field Marshall of Indian Army.,uncovered,0,historic_events_cc_by_sa_3,,,,baseline_v0.2.0,0,,,
CIOTD-000348,1921-06-28,birth,P. V. Narasimha Rao is born,Pamulaparti Venkata Narasimha Rao was born on 28 June 1921 in Karimnagar; he later served as Prime Minister of India from 1991 to 1996.,uncovered,0,month_research_2026,Prime Minister of India,https://www.pmindia.gov.in/en/former_pm/shri-p-v-narasimha-rao-2/,high,june,0,,,
CIOTD-000349,1893-06-29,birth,P. C. Mahalanobis is born,Statistician Prasanta Chandra Mahalanobis was born on 29 June 1893; he later founded the Indian Statistical Institute and helped shape India's modern statistical system.,uncovered,0,month_research_2026,Ministry of Statistics and Programme Implementation,https://mospi.gov.in/sites/default/files/publication_reports/12_Statistics_Day_29jun18_rev.pdf?download=1,high,june,0,,,
CIOTD-000350,1855-06-30,freedom_movement,The Santhal Hul begins,Sidhu Murmu and Kanhu Murmu mobilized thousands of Santhals on 30 June 1855 and declared rebellion against British colonial authority and exploitative zamindari structures.,uncovered,0,month_research_2026,"Census of India, Government of India",https://censusindia.gov.in/nada/index.php/catalog/1343/download/4386/DH_2011_1908_PART_B_DCHB_BIRBHUM.pdf,high,june,0,,,
CIOTD-000351,1857-06-30,uprising,,Awadh forces drove the British into the Lucknow Residency during the uprising of 1857.,covered,21996,curious_indian_archive,,,,baseline_v0.2.0,21997,article_featured_image,,
CIOTD-000352,1986-06-30,peace,,The Mizo Peace Accord was signed in New Delhi.,covered,20482,curious_indian_archive,,,,baseline_v0.2.0,20508,article_featured_image,,
CIOTD-000353,1955-07-01,institution,State Bank of India is constituted,The State Bank of India was constituted on 1 July 1955 after Parliament provided for the transformation of the Imperial Bank of India into a state-partnered banking institution.,uncovered,0,month_research_2026,State Bank of India,https://home.sbi.bank.in/web/about-us/about-us.html,high,july,0,,,
CIOTD-000354,2017-07-01,economy,Goods and Services Tax comes into effect,"India's Goods and Services Tax came into effect on 1 July 2017, replacing multiple central and state indirect taxes with a new nationwide GST framework.",uncovered,0,month_research_2026,"Press Information Bureau, Ministry of Finance",https://www.pib.gov.in/newsite/printrelease.aspx?lang=2&reg=48&relid=167023,high,july,0,,,
CIOTD-000355,1948-07-02,death,Baba Sawan Singh,"Indian saint known as ""The Great Master,"".",uncovered,0,historic_events_cc_by_sa_3,,,,baseline_v0.2.0,0,,,
CIOTD-000356,1972-07-02,battle,"Following Pakistan's surrender to India in the Indo-Pakistani War of 1971, both nations sign the…","Following Pakistan's surrender to India in the Indo-Pakistani War of 1971, both nations sign the historic Simla Agreement, agreeing to settle their disputes bilaterally.",uncovered,0,historic_events_cc_by_sa_3,,,,baseline_v0.2.0,0,,,
CIOTD-000357,1996-07-03,death,Raaj Kumar,Indian film actor.,uncovered,0,historic_events_cc_by_sa_3,,,,baseline_v0.2.0,0,,,
CIOTD-000358,1902-07-04,death,Swami Vivekananda,Indian religious leader.,uncovered,0,historic_events_cc_by_sa_3,,,,baseline_v0.2.0,0,,,
CIOTD-000359,1933-07-04,event,Mohandas Karamchand Gandhi is sentenced to prison in India,,uncovered,0,historic_events_cc_by_sa_3,,,,baseline_v0.2.0,0,,,
CIOTD-000360,1957-07-05,death,Anugrah Narayan Sinha dies,"Freedom fighter, Constituent Assembly member and senior Bihar leader Anugrah Narayan Sinha died on 5 July 1957 after a long public career in the state.",uncovered,0,month_research_2026,New India Samachar / Press Information Bureau,https://newindiasamachar.pib.gov.in/WriteReadData/Magazine/2024/Jun/M202406161.pdf,high,july,0,,,
CIOTD-000361,1986-07-06,death,Jagjivan Ram,Indian politician.,uncovered,0,historic_events_cc_by_sa_3,,,,baseline_v0.2.0,0,,,
CIOTD-000362,2006-07-06,event,"The Nathula Pass between India and China, sealed during the Sino-Indian War, re-opens for trade…","The Nathula Pass between India and China, sealed during the Sino-Indian War, re-opens for trade after 44 years.",uncovered,0,historic_events_cc_by_sa_3,,,,baseline_v0.2.0,0,,,
CIOTD-000363,1857-07-07,execution,,Peer Ali Khan was executed in Patna.,covered,23230,curious_indian_archive,,,,baseline_v0.2.0,23232,article_featured_image,,
CIOTD-000364,2008-07-07,event,A suicide-bomber drives an explosives-laden automobile into the front gates of the Indian…,"A suicide-bomber drives an explosives-laden automobile into the front gates of the Indian embassy in Kabul, Afghanistan, killing 58 and injuring over 150.",uncovered,0,historic_events_cc_by_sa_3,,,,baseline_v0.2.0,0,,,
CIOTD-000365,2021-07-07,death,,Dilip Kumar died.,covered,13106,curious_indian_archive,,,,baseline_v0.2.0,16813,article_featured_image,,
CIOTD-000366,1914-07-08,birth,Jyoti Basu,Indian politician.,uncovered,0,historic_events_cc_by_sa_3,,,,baseline_v0.2.0,0,,,
CIOTD-000367,1832-07-09,event,Commissioner of Indian Affairs post created within the War Department,,uncovered,0,historic_events_cc_by_sa_3,,,,baseline_v0.2.0,0,,,
CIOTD-000368,1875-07-09,economy,The association that became BSE is formed,"Bombay brokers formed The Native Share and Stock Brokers' Association on 9 July 1875, the institutional origin of today's BSE.",uncovered,0,month_research_2026,BSE Limited,https://www.bseindia.com/downloads1/N15919BSEPitchBookMay2019.pdf,high,july,0,,,
CIOTD-000369,1806-07-10,battle,Vellore Mutiny (the first mutiny by Indian sepoys against the British East India Company),,uncovered,0,historic_events_cc_by_sa_3,,,,baseline_v0.2.0,0,,,
CIOTD-000370,1972-07-10,event,"India's news agency reports that at least 24 people have been killed in separate incidents, in…","India's news agency reports that at least 24 people have been killed in separate incidents, in the Chandka Forest in India, by elephants.",uncovered,0,historic_events_cc_by_sa_3,,,,baseline_v0.2.0,0,,,
CIOTD-000371,1992-07-10,space,INSAT-2A launched,"India launched INSAT-2A, the first satellite of the indigenously built INSAT-2 series.",uncovered,0,isro,,,,baseline_v0.2.0,0,,,
CIOTD-000372,2000-07-10,death,Vakkom Majeed,"Indian Freedom fighter, Travancore-Cochin Legislative member.",uncovered,0,historic_events_cc_by_sa_3,,,,baseline_v0.2.0,0,,,
CIOTD-000373,2006-07-11,event,"A series of coordinated bomb attacks strikes several commuter trains in Mumbai, India during the…","A series of coordinated bomb attacks strikes several commuter trains in Mumbai, India during the evening rush hour.",uncovered,0,historic_events_cc_by_sa_3,,,,baseline_v0.2.0,0,,,
CIOTD-000374,1799-07-12,event,Ranjit Singh the Great conquers Lahore and becomes ruler of the Punjab,,uncovered,0,historic_events_cc_by_sa_3,,,,baseline_v0.2.0,0,,,
CIOTD-000375,1830-07-13,culture,"The General Assembly's Institution, now the Scottish Church College, one of the pioneering…","The General Assembly's Institution, now the Scottish Church College, one of the pioneering institutions that ushered the Bengal Renaissance, is founded by Alexander Duff and Raja Ram Mohan Roy, in Calcutta, India.",uncovered,0,historic_events_cc_by_sa_3,,,,baseline_v0.2.0,0,,,
CIOTD-000376,2023-07-14,space,Chandrayaan-3 is launched,"ISRO's LVM3 M4 successfully launched Chandrayaan-3 from Satish Dhawan Space Centre on 14 July 2023, beginning the mission's journey to the Moon.",uncovered,0,month_research_2026,Indian Space Research Organisation,https://www.isro.gov.in/Chandrayaan3.html,high,july,0,,,
CIOTD-000377,1857-07-15,battle,Indian rebellion of 1857,Indian rebellion of 1857: The second massacre at Kanpur takes place.,uncovered,0,historic_events_cc_by_sa_3,,,,baseline_v0.2.0,0,,,
CIOTD-000378,1926-07-15,event,BEST buses make their début in Bombay,,uncovered,0,historic_events_cc_by_sa_3,,,,baseline_v0.2.0,0,,,
CIOTD-000379,2004-07-15,protest,,The Meira Paibis staged their landmark protest at Kangla Fort in Imphal.,covered,20715,curious_indian_archive,,,,baseline_v0.2.0,20720,article_featured_image,,
CIOTD-000380,1968-07-16,birth,Dhanraj Pillay,Indian field hockey player.,uncovered,0,historic_events_cc_by_sa_3,,,,baseline_v0.2.0,0,,,
CIOTD-000381,1947-07-17,disaster,"The Indian passenger ship Ramdas is capsized by a cyclone at Mumbai, India, with 625 people killed",,uncovered,0,historic_events_cc_by_sa_3,,,,baseline_v0.2.0,0,,,
CIOTD-000382,1980-07-18,space,Rohini placed in orbit,SLV-3 successfully placed the Rohini satellite into orbit.,uncovered,0,isro,,,,baseline_v0.2.0,0,,,
CIOTD-000383,1982-07-18,birth,Priyanka Chopra,Indian actress and beauty queen.,uncovered,0,historic_events_cc_by_sa_3,,,,baseline_v0.2.0,0,,,
CIOTD-000384,1938-07-19,birth,Jayant Narlikar,Indian astrophysicist.,uncovered,0,historic_events_cc_by_sa_3,,,,baseline_v0.2.0,0,,,
CIOTD-000385,1969-07-19,economy,Fourteen major commercial banks are nationalised,"The Government of India nationalised fourteen major commercial banks on 19 July 1969, a major structural change in the country's banking system.",covered,12647,month_research_2026,"Publications Division, Government of India",https://www.publicationsdivision.nic.in/journals/Journalarchives/Kurukshetra/Kurukshetra-English/1995/July/Kurukshetra_1995_July_pdf.pdf,high,july,18675,article_featured_image,,
CIOTD-000386,1898-07-20,birth,Krishna Kanta Handiqui is born,Sanskrit scholar Krishna Kanta Handiqui was born in Jorhat on 20 July 1898; he later became the founding Vice-Chancellor of Gauhati University.,uncovered,0,month_research_2026,Gauhati University,https://web.gauhati.ac.in/landscapes/statues,high,july,0,,,
CIOTD-000387,1937-07-20,politics,Sri Krishna Singh forms the Bihar ministry,"After the 1937 provincial elections and an initial impasse over office acceptance, Sri Krishna Singh formed the Congress ministry in Bihar on 20 July 1937.",uncovered,0,month_research_2026,"Information and Public Relations Department, Government of Bihar",https://betastate.bihar.gov.in/iprdwebsite/aboutus,high,july,0,,,
CIOTD-000388,1906-07-21,death,W. C. Bonnerjee dies,"Womesh Chunder Bonnerjee, a founder and the first president of the Indian National Congress, died on 21 July 1906.",uncovered,0,month_research_2026,Akashvani News / Prasar Bharati,https://newsonair.gov.in/bulletins-detail/aaj-savere-627/,high,july,0,,,
CIOTD-000389,1918-07-22,death,Indra Lal Roy,Indian fighter pilot.,uncovered,0,historic_events_cc_by_sa_3,,,,baseline_v0.2.0,0,,,
CIOTD-000390,1923-07-22,birth,Mukesh,Indian singer.,uncovered,0,historic_events_cc_by_sa_3,,,,baseline_v0.2.0,0,,,
CIOTD-000391,1947-07-22,event,National Flag adopted,The Constituent Assembly adopted the present form of India’s national flag.,uncovered,0,official_goi,,,,baseline_v0.2.0,0,,,
CIOTD-000392,2008-07-22,nuclear,"The United Progressive Alliance-led government in India survives a crucial no-confidence vote,…","The United Progressive Alliance-led government in India survives a crucial no-confidence vote, based on disagreements between the Indian National Congress and Left Front, over the Indo-US nuclear deal.",uncovered,0,historic_events_cc_by_sa_3,,,,baseline_v0.2.0,0,,,
CIOTD-000393,1856-07-23,birth,Bal Gangadhar Tilak,Indian political activist.,uncovered,0,historic_events_cc_by_sa_3,,,,baseline_v0.2.0,0,,,
CIOTD-000394,1874-07-23,event,Aires de Ornelas e Vasconcelos is appointed the Archbishop of the Portuguese colonial enclave of Goa,,uncovered,0,historic_events_cc_by_sa_3,,,,baseline_v0.2.0,0,,,
CIOTD-000395,1939-07-23,event,Mahatma Gandhi the spiritual leader from India writes a personal letter to Adolf Hitler…,"Mahatma Gandhi the spiritual leader from India writes a personal letter to Adolf Hitler addressing him ""My friend"", requesting to prevent any possible war.",uncovered,0,historic_events_cc_by_sa_3,,,,baseline_v0.2.0,0,,,
CIOTD-000396,1993-07-23,space,INSAT-2B launched,India launched the INSAT-2B communications and meteorology satellite.,uncovered,0,isro,,,,baseline_v0.2.0,0,,,
CIOTD-000397,1945-07-24,birth,,Azim Premji was born.,covered,22407,curious_indian_archive,,,,baseline_v0.2.0,22412,article_featured_image,,
CIOTD-000398,1970-07-24,death,Peter de Noronha,Indian businessman.,uncovered,0,historic_events_cc_by_sa_3,,,,baseline_v0.2.0,0,,,
CIOTD-000399,1991-07-24,event,"The government of India announces its New Industrial Policy, marking the start of India's…","The government of India announces its New Industrial Policy, marking the start of India's economic reforms.",uncovered,0,historic_events_cc_by_sa_3,,,,baseline_v0.2.0,0,,,
CIOTD-000400,1848-07-25,birth,George Robert Aberigh-Mackay,Anglo-Indian writer.,uncovered,0,historic_events_cc_by_sa_3,,,,baseline_v0.2.0,0,,,
CIOTD-000401,1997-07-25,politics,K,K.R. Narayanan is sworn in as India's 10th president and the first member of the Dalit caste to hold this office.,uncovered,0,historic_events_cc_by_sa_3,,,,baseline_v0.2.0,0,,,
CIOTD-000402,1915-07-26,birth,Pattabhi Jois,Indian yogi.,uncovered,0,historic_events_cc_by_sa_3,,,,baseline_v0.2.0,0,,,
CIOTD-000403,1999-07-26,war,Kargil Vijay Diwas,Operation Vijay concluded with Indian forces regaining occupied positions in the Kargil sector.,uncovered,0,official_goi,,,,baseline_v0.2.0,0,,,
CIOTD-000404,1939-07-27,institution,The force that became the CRPF is established,The Crown Representative's Police was established on 27 July 1939; after independence it was renamed the Central Reserve Police Force under an Act of Parliament.,uncovered,0,month_research_2026,"Press Information Bureau, Ministry of Home Affairs",https://www.pib.gov.in/PressReleasePage.aspx?PRID=1845251&lang=2&reg=48,high,july,0,,,
CIOTD-000405,1940-07-27,birth,Bharati Mukherjee,Indian-born novelist.,uncovered,0,historic_events_cc_by_sa_3,,,,baseline_v0.2.0,0,,,
CIOTD-000406,2015-07-27,death,A. P. J. Abdul Kalam dies,Former President and aerospace scientist A. P. J. Abdul Kalam died on 27 July 2015 while visiting Shillong.,covered,15218,month_research_2026,"Press Information Bureau, Vice President's Secretariat",https://www.pib.gov.in/newsite/PrintRelease.aspx?lang=2&reg=48&relid=123855,high,july,15423,article_featured_image,,
CIOTD-000407,1858-07-28,event,"In Bengal/India, British officer William James Herschel uses the hand impression of Rajyadhar…","In Bengal/India, British officer William James Herschel uses the hand impression of Rajyadhar Konai as a contract fingerprint signature.",uncovered,0,historic_events_cc_by_sa_3,,,,baseline_v0.2.0,0,,,
CIOTD-000408,1923-07-28,birth,H.S.S. Lawrence,Indian educator.,uncovered,0,historic_events_cc_by_sa_3,,,,baseline_v0.2.0,0,,,
CIOTD-000409,1959-07-29,birth,Sanjay Dutt,Indian actor.,uncovered,0,historic_events_cc_by_sa_3,,,,baseline_v0.2.0,0,,,
CIOTD-000410,1999-07-29,death,Rajendra Kumar,"Indian film actor, producer and director.",uncovered,0,historic_events_cc_by_sa_3,,,,baseline_v0.2.0,0,,,
CIOTD-000411,2020-07-29,education,Union Cabinet approves National Education Policy 2020,"The Union Cabinet approved the National Education Policy 2020 on 29 July 2020, replacing the National Policy on Education of 1986.",uncovered,0,month_research_2026,"Press Information Bureau, Ministry of Human Resource Development",https://www.pib.gov.in/newsite/PrintRelease.aspx?lang=2&reg=48&relid=210315,high,july,0,,,
CIOTD-000412,2012-07-30,event,"In the worst power outage in world history, the 2012 India blackouts leave 620 million people…","(July 30 - July 31) In the worst power outage in world history, the 2012 India blackouts leave 620 million people without power.",uncovered,0,historic_events_cc_by_sa_3,,,,baseline_v0.2.0,0,,,
CIOTD-000413,1940-07-31,freedom_movement,Udham Singh is executed in London,Udham Singh was executed by hanging on 31 July 1940 after being convicted for the killing of former Punjab lieutenant-governor Michael O'Dwyer.,uncovered,0,month_research_2026,"Ministry of Culture, Government of India",https://www.culture.gov.in/files/publications_documents/Martyrs_Vol_1_Part_II_06_03_2019_2.pdf,high,july,0,,,
CIOTD-000414,1941-07-31,birth,Amarsinh Chaudhary,Indian politician.,uncovered,0,historic_events_cc_by_sa_3,,,,baseline_v0.2.0,0,,,
CIOTD-000415,1980-07-31,death,,Mohammed Rafi died.,covered,13280,curious_indian_archive,,,,baseline_v0.2.0,17170,article_featured_image,,
CIOTD-000416,1920-08-01,death,Bal Gangadhar Tilak,Indian nationalist.,uncovered,0,historic_events_cc_by_sa_3,,,,baseline_v0.2.0,0,,,
CIOTD-000417,1858-08-02,constitution,Government of India Act 1858 receives royal assent,"The Government of India Act 1858 received royal assent on 2 August, providing for the transfer of governance of the East India Company’s Indian territories to the British Crown.",uncovered,0,month_research_2026,UK Legislation,https://www.legislation.gov.uk/ukpga/Vict/21-22/106/pdfs/ukpga_18580106_en.pdf,high,august,0,,,
CIOTD-000418,1935-08-02,constitution,Government of India Act 1935 receives royal assent,The Government of India Act 1935 received royal assent on 2 August. It became a major constitutional framework for late-colonial India and introduced provincial autonomy among other changes.,uncovered,0,month_research_2026,UK Legislation,https://www.legislation.gov.uk/ukpga/Geo5and1Edw8/26/2/introduction/made,high,august,0,,,
CIOTD-000419,1758-08-03,battle,Seven Years' War - Battle of Negapatam,"Seven Years' War - Battle of Negapatam: Off the coast of India, Admiral Pocock again engages d'Aché's French fleet, this time with more success.",uncovered,0,historic_events_cc_by_sa_3,,,,baseline_v0.2.0,0,,,
CIOTD-000420,1929-08-04,birth,Kishore Kumar is born,"Singer, actor, composer and filmmaker Kishore Kumar was born as Abhas Kumar Ganguly in Khandwa on 4 August 1929.",covered,13312,month_research_2026,Akashvani News / Prasar Bharati,https://newsonair.gov.in/bulletins-detail/aaj-savere-145/,high,august,16685,article_featured_image,,
CIOTD-000421,2019-08-05,constitution,"Constitution (Application to Jammu and Kashmir) Order, 2019 is issued","On 5 August 2019, the President issued the Constitution (Application to Jammu and Kashmir) Order, 2019. The same day, the Union government introduced the Jammu and Kashmir Reorganisation Bill and related resolutions in the Rajya Sabha.",uncovered,0,month_research_2026,Ministry of Home Affairs / Press Information Bureau,https://www.mha.gov.in/sites/default/files/PressReleaseJ%26KDecisions_06082019.pdf,high,august,0,,,
CIOTD-000422,1970-08-06,birth,M. Night Shyamalan,"Indian-American film director, writer, producer, and actor.",uncovered,0,historic_events_cc_by_sa_3,,,,baseline_v0.2.0,0,,,
CIOTD-000423,1871-08-07,birth,,Abanindranath Tagore was born.,covered,22062,curious_indian_archive,,,,baseline_v0.2.0,22087,article_featured_image,,
CIOTD-000424,1905-08-07,freedom,Swadeshi movement gathers at Calcutta Town Hall,A historic meeting in Calcutta adopted boycott and swadeshi resolutions during the anti-partition movement.,uncovered,0,official_goi,,,,baseline_v0.2.0,0,,,
CIOTD-000425,1925-08-07,birth,M. S. Swaminathan,Indian scientist.,uncovered,0,historic_events_cc_by_sa_3,,,,baseline_v0.2.0,0,,,
CIOTD-000426,1941-08-07,death,Rabindranath Tagore,"Indian author, Nobel Prize laureate.",uncovered,0,historic_events_cc_by_sa_3,,,,baseline_v0.2.0,0,,,
CIOTD-000427,1947-08-07,politics,Louis Mountbatten becomes the first Governor General of India,Louis Mountbatten becomes the first Governor General of India. Jawaharlal Nehru takes office as the first Prime Minister of India.,uncovered,0,historic_events_cc_by_sa_3,,,,baseline_v0.2.0,0,,,
CIOTD-000428,1947-08-07,event,The Bombay Municipal Corporation formally takes over the Bombay Electric Supply and Transport (BEST),,uncovered,0,historic_events_cc_by_sa_3,,,,baseline_v0.2.0,0,,,
CIOTD-000429,2015-08-07,culture,First National Handloom Day,"India observed its first National Handloom Day, commemorating the Swadeshi movement of 7 August 1905.",uncovered,0,official_goi,,,,baseline_v0.2.0,0,,,
CIOTD-000430,1940-08-08,birth,Dilip Sardesai,Former Indian cricketer.,uncovered,0,historic_events_cc_by_sa_3,,,,baseline_v0.2.0,0,,,
CIOTD-000431,1942-08-08,freedom,,The Quit India resolution and Gandhi’s “Do or Die” call were delivered in Bombay.,covered,12597,curious_indian_archive,,,,baseline_v0.2.0,17504,article_featured_image,,
CIOTD-000432,2005-08-08,death,Sheikh Ahmed Deedat,"Indian author, lecturer, and orator.",uncovered,0,historic_events_cc_by_sa_3,,,,baseline_v0.2.0,0,,,
CIOTD-000433,1925-08-09,freedom,,The Kakori train action was carried out by Hindustan Republican Association revolutionaries.,covered,23592,curious_indian_archive,,,,baseline_v0.2.0,23594,article_featured_image,,
CIOTD-000434,1942-08-09,freedom,,Aruna Asaf Ali hoisted the national flag at Gowalia Tank Maidan as senior Congress leaders were arrested.,covered,22480,curious_indian_archive,,,,baseline_v0.2.0,22482,article_featured_image,,
CIOTD-000435,1942-08-09,event,"Indian leader, Mohandas Gandhi is arrested in Bombay by British forces",,uncovered,0,historic_events_cc_by_sa_3,,,,baseline_v0.2.0,0,,,
CIOTD-000436,1971-08-09,treaty,India signs a 20-year treaty of friendship and cooperation with the Soviet Union,,uncovered,0,historic_events_cc_by_sa_3,,,,baseline_v0.2.0,0,,,
CIOTD-000437,1741-08-10,battle,Battle of Colachel,Battle of Colachel: The Raja of Travancore defeats a Dutch East India Company naval expedition.,uncovered,0,historic_events_cc_by_sa_3,,,,baseline_v0.2.0,0,,,
CIOTD-000438,1860-08-10,birth,Vishnu Narayan Bhatkhande,Indian musician.,uncovered,0,historic_events_cc_by_sa_3,,,,baseline_v0.2.0,0,,,
CIOTD-000439,1979-08-10,space,SLV-3 experimental flight,India carried out an early experimental flight of the Satellite Launch Vehicle-3.,uncovered,0,isro,,,,baseline_v0.2.0,0,,,
CIOTD-000440,1999-08-10,event,The Atlantique Incident occurs as an intruding Pakistan Navy plane is shot down in India,"The Atlantique Incident occurs as an intruding Pakistan Navy plane is shot down in India. The incident sparks tensions between the 2 nations, coming just a month after the end of the Kargil War.",uncovered,0,historic_events_cc_by_sa_3,,,,baseline_v0.2.0,0,,,
CIOTD-000441,1908-08-11,execution,,Khudiram Bose was executed in Muzaffarpur.,covered,21778,curious_indian_archive,,,,baseline_v0.2.0,21783,article_featured_image,,
CIOTD-000442,1765-08-12,colonial,East India Company receives the Diwani of Bengal,"On 12 August 1765, Mughal emperor Shah Alam II appointed the East India Company as Diwan of Bengal, Bihar and Orissa, giving it a central role in revenue administration.",covered,12446,month_research_2026,SCERT Mizoram / NCERT Our Pasts III,https://scert.mizoram.gov.in/uploads/attachments/aa9a1d96aa439f5610c918ce7a5e6982/our-pasts-3.pdf,high,august,18876,article_featured_image,,
CIOTD-000443,1942-08-13,freedom_movement,Quit India demonstrations in Nagpur face police firing,"During Quit India protests in Nagpur on 13 August 1942, thousands demonstrated against British rule; official martyr records document police firing that killed a number of participants.",uncovered,0,month_research_2026,"Ministry of Culture, Dictionary of Martyrs",https://www.culture.gov.in/files/publications_documents/Martyrs_Vol_3_06_03_2019_5.pdf,high,august,0,,,
CIOTD-000444,1947-08-14,politics,,The Naga National Council declared Naga independence on the eve of Indian independence.,covered,21002,curious_indian_archive,,,,baseline_v0.2.0,21003,article_featured_image,,
CIOTD-000445,2011-08-14,death,August 14 – Shammi Kapoor,Indian film actor and director.,uncovered,0,historic_events_cc_by_sa_3,,,,baseline_v0.2.0,0,,,
CIOTD-000446,1912-08-15,birth,Ustad Amir Khan,Indian classical vocal singer.,uncovered,0,historic_events_cc_by_sa_3,,,,baseline_v0.2.0,0,,,
CIOTD-000447,1947-08-15,independence,,India became independent as Partition divided the subcontinent.,covered,12609,curious_indian_archive,,,,baseline_v0.2.0,17527,article_featured_image,,
CIOTD-000448,1950-08-15,disaster,"An earthquake and floods in Assam, India kill 574 and leave 5,000,000 homeless",,uncovered,0,historic_events_cc_by_sa_3,,,,baseline_v0.2.0,0,,,
CIOTD-000449,1969-08-15,space,ISRO formed,The Indian Space Research Organisation was formed under the Department of Atomic Energy.,uncovered,0,isro,,,,baseline_v0.2.0,0,,,
CIOTD-000450,1886-08-16,death,Ramakrishna Paramhansa,Indian spiritual figure.,uncovered,0,historic_events_cc_by_sa_3,,,,baseline_v0.2.0,0,,,
CIOTD-000451,1946-08-16,partition,Direct Action Day is observed as communal violence erupts in Calcutta,"The Muslim League designated 16 August 1946 as Direct Action Day. Large-scale communal violence broke out in Calcutta and continued for several days, becoming a major episode in the run-up to Partition.",uncovered,0,month_research_2026,"University of North Bengal, Karatoya Journal of History",https://ir.nbu.ac.in/server/api/core/bitstreams/004c1c52-cd73-4417-bc64-b24340b074fb/content,high,august,0,,,
CIOTD-000452,1942-08-17,birth,Roshan Seth,British Indian actor.,uncovered,0,historic_events_cc_by_sa_3,,,,baseline_v0.2.0,0,,,
CIOTD-000453,1947-08-17,partition,Radcliffe boundary awards are publicly announced,"The final India–Pakistan boundaries in Punjab and Bengal were publicly announced on 17 August 1947, two days after India became independent.",uncovered,0,month_research_2026,"The National Archives, UK",https://www.nationalarchives.gov.uk/education/teaching-resources/partition-of-british-india/,high,august,0,,,
CIOTD-000454,1934-08-18,birth,,Gulzar was born.,covered,13751,curious_indian_archive,,,,baseline_v0.2.0,16925,article_featured_image,,
CIOTD-000455,1945-08-18,mystery,,The plane crash associated with Subhas Chandra Bose’s reported death occurred at Taihoku.,covered,15000,curious_indian_archive,,,,baseline_v0.2.0,15755,article_featured_image,,
CIOTD-000456,1967-08-18,event,Madras State was officially renamed Tamil Nadu,,uncovered,0,historic_events_cc_by_sa_3,,,,baseline_v0.2.0,0,,,
CIOTD-000457,1946-08-19,event,"Violence between Muslims and Hindus in Calcutta leaves 3,000 dead",,uncovered,0,historic_events_cc_by_sa_3,,,,baseline_v0.2.0,0,,,
CIOTD-000458,1946-08-20,birth,N. R. Narayana Murthy,Indian businessman.,uncovered,0,historic_events_cc_by_sa_3,,,,baseline_v0.2.0,0,,,
CIOTD-000459,1989-08-20,death,George Adamson,Indian-born conservationist.,uncovered,0,historic_events_cc_by_sa_3,,,,baseline_v0.2.0,0,,,
CIOTD-000460,1915-08-21,birth,,Ismat Chughtai was born.,covered,23617,curious_indian_archive,,,,baseline_v0.2.0,23619,article_featured_image,,
CIOTD-000461,1995-08-21,death,Subrahmanyan Chandrasekhar,"Indian-born astrophysicist, Nobel Prize laureate.",uncovered,0,historic_events_cc_by_sa_3,,,,baseline_v0.2.0,0,,,
CIOTD-000462,2006-08-21,death,Bismillah Khan,Indian musician.,uncovered,0,historic_events_cc_by_sa_3,,,,baseline_v0.2.0,0,,,
CIOTD-000463,1639-08-22,event,The founding day of Madras,"The founding day of Madras.It was on that day, in that year, that a sliver of land, where Fort. St. George stands today, was transacted by the East India Company. The deal was struck by Francis Day, his 'dubash' Beri Thimmappa, and their superior, Andrew Cogan, with the local Nayak rulers. It is believed that this deal was made on August 22, 1639.",uncovered,0,historic_events_cc_by_sa_3,,,,baseline_v0.2.0,0,,,
CIOTD-000464,1955-08-22,birth,Chiranjeevi,Indian actor.,uncovered,0,historic_events_cc_by_sa_3,,,,baseline_v0.2.0,0,,,
CIOTD-000465,1708-08-23,event,Meidingu Pamheiba is crowned King of Manipur,,uncovered,0,historic_events_cc_by_sa_3,,,,baseline_v0.2.0,0,,,
CIOTD-000466,1944-08-23,birth,Saira Banu,Indian actress.,uncovered,0,historic_events_cc_by_sa_3,,,,baseline_v0.2.0,0,,,
CIOTD-000467,2023-08-23,space,Chandrayaan-3 lands on the Moon,The Vikram lander of Chandrayaan-3 soft-landed in the Moon’s southern high latitudes.,uncovered,0,isro,,,,baseline_v0.2.0,0,,,
CIOTD-000468,2024-08-23,space,India observes its first National Space Day,The first National Space Day commemorated the Chandrayaan-3 landing of 23 August 2023.,uncovered,0,isro,,,,baseline_v0.2.0,0,,,
CIOTD-000469,1608-08-24,event,The first official English representative to India lands at Surat,,uncovered,0,historic_events_cc_by_sa_3,,,,baseline_v0.2.0,0,,,
CIOTD-000470,1924-08-24,birth,Homi Nusserwanji Sethna (Indian Nuclear Scientist),Indian Nuclear Scientist.,uncovered,0,historic_events_cc_by_sa_3,,,,baseline_v0.2.0,0,,,
CIOTD-000471,1969-08-24,politics,V. V. Giri begins his term as President of India,Varahagiri Venkata Giri began his term as the fourth President of India on 24 August 1969.,uncovered,0,month_research_2026,President of India,https://presidentofindia.nic.in/former-president/shri-varahagiri-venkata-giri,high,august,0,,,
CIOTD-000472,1865-08-25,event,"The Shergotty meteorite Mars meteorite falls in Sherghati, Gaya, Bihar, India",,uncovered,0,historic_events_cc_by_sa_3,,,,baseline_v0.2.0,0,,,
CIOTD-000473,1981-08-25,birth,Shiva Keshavan,Indian Luge Pilot.,uncovered,0,historic_events_cc_by_sa_3,,,,baseline_v0.2.0,0,,,
CIOTD-000474,2003-08-25,event,"Two bomb blasts in Mumbai, India kill 52",,uncovered,0,historic_events_cc_by_sa_3,,,,baseline_v0.2.0,0,,,
CIOTD-000475,1910-08-26,birth,Mother Teresa is born,"Agnes Gonxha Bojaxhiu, later known as Mother Teresa, was born on 26 August 1910. She came to India in 1929 and spent most of her later life working in Kolkata.",uncovered,0,month_research_2026,"Atomic Training Institute, Department of Atomic Energy",https://ati.dae.gov.in/ati12052021_3.pdf,high,august,0,,,
CIOTD-000476,1963-08-27,death,Allama Inayatullah Khan Mashriqi,Indian founder of the Khaksar Movement.,uncovered,0,historic_events_cc_by_sa_3,,,,baseline_v0.2.0,0,,,
CIOTD-000477,1976-08-27,death,Mukesh,Indian singer.,uncovered,0,historic_events_cc_by_sa_3,,,,baseline_v0.2.0,0,,,
CIOTD-000478,1966-08-28,birth,Priya Dutt,Indian social worker and politician.,uncovered,0,historic_events_cc_by_sa_3,,,,baseline_v0.2.0,0,,,
CIOTD-000479,1905-08-29,birth,Dhyan Chand,Indian hockey player.,uncovered,0,historic_events_cc_by_sa_3,,,,baseline_v0.2.0,0,,,
CIOTD-000480,1911-08-29,event,"The Diocese of Kottayam is erected in Kerala, India for the Knanaya Catholic people of the…","The Diocese of Kottayam is erected in Kerala, India for the Knanaya Catholic people of the Syro-Malabar Church (in 2005 the diocese is raised to the rank of Archdiocese).",uncovered,0,historic_events_cc_by_sa_3,,,,baseline_v0.2.0,0,,,
CIOTD-000481,1947-08-29,constitution,Drafting Committee appointed,The Constituent Assembly appointed the Drafting Committee that would prepare the draft Constitution.,uncovered,0,official_goi,,,,baseline_v0.2.0,0,,,
CIOTD-000482,1991-08-29,space,IRS-1B launched,"India launched IRS-1B, continuing the Indian Remote Sensing programme.",uncovered,0,isro,,,,baseline_v0.2.0,0,,,
CIOTD-000483,1983-08-30,space,INSAT-1B launched,"India launched INSAT-1B, a major early communications and meteorology satellite.",uncovered,0,isro,,,,baseline_v0.2.0,0,,,
CIOTD-000484,1569-08-31,birth,Jahangir,Mughal Emperor of India.,uncovered,0,historic_events_cc_by_sa_3,,,,baseline_v0.2.0,0,,,
CIOTD-000485,1919-08-31,birth,Amrita Preetam,Indian poetess and author.,uncovered,0,historic_events_cc_by_sa_3,,,,baseline_v0.2.0,0,,,
CIOTD-000486,1896-09-01,birth,A. C. Bhaktivedanta Swami Prabhupada,Indian founder of the Hare Krishna movement.,uncovered,0,historic_events_cc_by_sa_3,,,,baseline_v0.2.0,0,,,
CIOTD-000487,1956-09-01,institution,Life Insurance Corporation of India is created,"The Life Insurance Corporation of India was created on 1 September 1956 under the Life Insurance Corporation Act, bringing nationalised life-insurance business into the new statutory corporation.",uncovered,0,month_research_2026,Life Insurance Corporation of India,https://www.licindia.in/en/web/guest/history,high,september,0,,,
CIOTD-000488,1946-09-02,politics,Interim Government of India takes charge with Jawaharlal Nehru as Vice President,,uncovered,0,historic_events_cc_by_sa_3,,,,baseline_v0.2.0,0,,,
CIOTD-000489,1964-09-02,event,Indian Hungry generation poets are arrested on charges of conspiracy against the State and…,Indian Hungry generation poets are arrested on charges of conspiracy against the State and obscenity in literature.,uncovered,0,historic_events_cc_by_sa_3,,,,baseline_v0.2.0,0,,,
CIOTD-000490,1965-09-02,birth,Partho Sen-Gupta,Indian independent filmmaker.,uncovered,0,historic_events_cc_by_sa_3,,,,baseline_v0.2.0,0,,,
CIOTD-000491,1903-09-03,birth,Yusuf Meherally is born,Freedom fighter and socialist leader Yusuf Meherally was born in Bombay on 3 September 1903; he later became Mayor of Bombay during the Quit India period.,uncovered,0,month_research_2026,Azadi Ka Amrit Mahotsav / Ministry of Culture,https://cmsadmin.amritmahotsav.nic.in/unsung-heroes-detail.htm?12337=,high,september,0,,,
CIOTD-000492,1825-09-04,birth,Dadabhai Naoroji is born,"Dadabhai Naoroji was born in Bombay on 4 September 1825. He became an early nationalist leader, economist and a founding figure of the Indian National Congress.",uncovered,0,month_research_2026,"High Commission of India, London",https://www.hcilondon.gov.in/docs/1657888284Snapshot%20of%20India%208%20July%202022_11zon.pdf,high,september,0,,,
CIOTD-000493,1941-09-04,birth,Sushilkumar Shinde,Indian politician.,uncovered,0,historic_events_cc_by_sa_3,,,,baseline_v0.2.0,0,,,
CIOTD-000494,1946-09-04,event,Street violence between Muslims and Hindus erupts in Bombay,,uncovered,0,historic_events_cc_by_sa_3,,,,baseline_v0.2.0,0,,,
CIOTD-000495,1888-09-05,birth,Sarvepalli Radhakrishnan is born,Philosopher and statesman Sarvepalli Radhakrishnan was born on 5 September 1888; he later served as India’s first Vice-President and second President.,uncovered,0,month_research_2026,President of India,https://presidentofindia.nic.in/former-president/dr-sarvepalli-radhakrishnan,high,september,0,,,
CIOTD-000496,1997-09-05,event,"Mother Theresa of Calcutta dies of heart failure in Kolkata, India",,uncovered,0,historic_events_cc_by_sa_3,,,,baseline_v0.2.0,0,,,
CIOTD-000497,2018-09-06,constitution,Supreme Court delivers the Navtej Singh Johar judgment,"In Navtej Singh Johar v. Union of India, the Supreme Court held Section 377 unconstitutional insofar as it criminalised consensual sexual conduct between adults in private.",uncovered,0,month_research_2026,Supreme Court of India,https://api.sci.gov.in/supremecourt/2016/14961/14961_2016_Judgement_06-Sep-2018.pdf,high,september,0,,,
CIOTD-000498,2019-09-07,space,,ISRO lost contact with the Chandrayaan-2 Vikram lander during its descent.,covered,15394,curious_indian_archive,,,,baseline_v0.2.0,18633,article_featured_image,,
CIOTD-000499,1926-09-08,birth,Bhupen Hazarika is born,"Singer, composer, poet and filmmaker Bhupen Hazarika was born in Sadiya, Assam, on 8 September 1926 and became one of the best-known cultural voices of Northeast India.",uncovered,0,month_research_2026,New India Samachar / Press Information Bureau,https://newindiasamachar.pib.gov.in/WriteReadData/Magazine/2025/Oct/M202510011.pdf,high,september,0,,,
CIOTD-000500,1960-09-08,death,Feroze Gandhi,Indian politician.,uncovered,0,historic_events_cc_by_sa_3,,,,baseline_v0.2.0,0,,,
CIOTD-000501,1924-09-09,event,The 1924 Kohat riots break out in India,(September 9 - September 11) The 1924 Kohat riots break out in India.,uncovered,0,historic_events_cc_by_sa_3,,,,baseline_v0.2.0,0,,,
CIOTD-000502,1988-09-09,birth,Sana Saeed,Indian actress.,uncovered,0,historic_events_cc_by_sa_3,,,,baseline_v0.2.0,0,,,
CIOTD-000503,1759-09-10,battle,Battle of Pondicherry,"Battle of Pondicherry: An inconclusive naval battle is fought off the coast of India between the French Admiral d'Aché and the British under George Pocock. The French forces are badly damaged and returned home, never to return.",uncovered,0,historic_events_cc_by_sa_3,,,,baseline_v0.2.0,0,,,
CIOTD-000504,1895-09-11,birth,Vinoba Bhave,Indian religious leader.,uncovered,0,historic_events_cc_by_sa_3,,,,baseline_v0.2.0,0,,,
CIOTD-000505,1897-09-12,battle,The Battle of Saragarhi one of history's most famous last stands was fought between twenty-one…,"The Battle of Saragarhi one of history's most famous last stands was fought between twenty-one Sikhs of the 36th Sikh of the Sikh Regiment of British India, defending an army post, against 10,000 Afghan and Orakzai tribesmen. The battle occurred in the North-West Frontier Province Afghanistan, now a part of Pakistan, which then formed part of British India.",uncovered,0,historic_events_cc_by_sa_3,,,,baseline_v0.2.0,0,,,
CIOTD-000506,1928-09-12,birth,M. V. Rajasekharan,Indian member of Rajya Sabha.,uncovered,0,historic_events_cc_by_sa_3,,,,baseline_v0.2.0,0,,,
CIOTD-000507,1929-09-13,freedom_movement,Jatindra Nath Das dies after Lahore Jail hunger strike,Revolutionary Jatindra Nath Das died in Lahore Central Jail on 13 September 1929 after a 63-day hunger strike over the treatment of political prisoners.,uncovered,0,month_research_2026,Ministry of Culture / Indian Council of Historical Research,https://culture.gov.in/files/inline-documents/Martyrs_Vol_4_06_03_2019_6.pdf,high,september,0,,,
CIOTD-000508,1949-09-14,constitution,Constituent Assembly adopts Hindi as the Official Language of the Union,"On 14 September 1949, the Constituent Assembly accepted Hindi in the Devanagari script as the Official Language of the Union, later reflected in Article 343 of the Constitution.",uncovered,0,month_research_2026,"Department of Official Language, Ministry of Home Affairs",https://rajbhasha.gov.in/sites/default/files/niyampustak_eng_dec2021.pdf,high,september,0,,,
CIOTD-000509,1979-09-14,birth,Kamya Panjabi,Indian television actress.,uncovered,0,historic_events_cc_by_sa_3,,,,baseline_v0.2.0,0,,,
CIOTD-000510,1861-09-15,birth,M. Visvesvaraya is born,Engineer and administrator Mokshagundam Visvesvaraya was born on 15 September 1861; India observes the date as Engineers’ Day in his honour.,uncovered,0,month_research_2026,"Press Information Bureau, Government of India",https://www.pib.gov.in/newsite/printrelease.aspx?lang=2&reg=48&relid=149770,high,september,0,,,
CIOTD-000511,1883-09-15,event,The Bombay Natural History Society is founded,,uncovered,0,historic_events_cc_by_sa_3,,,,baseline_v0.2.0,0,,,
CIOTD-000512,1916-09-16,birth,M. S. Subbulakshmi is born,Carnatic vocalist Madurai Shanmukhavadivu Subbulakshmi was born in Madurai on 16 September 1916 and became one of modern India’s most celebrated classical musicians.,uncovered,0,month_research_2026,New India Samachar / Press Information Bureau,https://newindiasamachar.pib.gov.in/archive/pdf/NIS%20English%20December1-15.pdf,high,september,0,,,
CIOTD-000513,1915-09-17,birth,M. F. Husain,Indian artist.,uncovered,0,historic_events_cc_by_sa_3,,,,baseline_v0.2.0,0,,,
CIOTD-000514,1934-09-17,birth,Binoy Majumdar,Indian Hungryalist Poet.,uncovered,0,historic_events_cc_by_sa_3,,,,baseline_v0.2.0,0,,,
CIOTD-000515,2016-09-18,military,Terrorist attack targets Indian Army base at Uri,Armed attackers struck an Indian Army administrative base at Uri in Jammu and Kashmir on the morning of 18 September 2016.,uncovered,0,month_research_2026,Press Information Bureau / Ministry of Defence,https://www.pib.gov.in/newsite/PrintRelease.aspx?lang=2&reg=48&relid=150881,high,september,0,,,
CIOTD-000516,1936-09-19,death,Vishnu Narayan Bhatkhande,Indian musician.,uncovered,0,historic_events_cc_by_sa_3,,,,baseline_v0.2.0,0,,,
CIOTD-000517,1976-09-19,birth,Isha Koppikar,Indian actress.,uncovered,0,historic_events_cc_by_sa_3,,,,baseline_v0.2.0,0,,,
CIOTD-000518,1878-09-20,culture,"The Hindu, an Indian newspaper, is founded",,uncovered,0,historic_events_cc_by_sa_3,,,,baseline_v0.2.0,0,,,
CIOTD-000519,1911-09-20,birth,Shriram Sharma Acharya,Indian founder of the All World Gayatri Pariwar.,uncovered,0,historic_events_cc_by_sa_3,,,,baseline_v0.2.0,0,,,
CIOTD-000520,1942-09-20,freedom,,Kanaklata Barua was shot while carrying the national flag during the Quit India Movement.,covered,20415,curious_indian_archive,,,,baseline_v0.2.0,22180,article_featured_image,,
CIOTD-000521,1945-09-20,event,Mohandas Gandhi and Jawaharlal Nehru demand that all British troops depart India,,uncovered,0,historic_events_cc_by_sa_3,,,,baseline_v0.2.0,0,,,
CIOTD-000522,1993-09-20,space,IRS-1E launched,India launched the experimental IRS-1E remote-sensing satellite.,uncovered,0,isro,,,,baseline_v0.2.0,0,,,
CIOTD-000523,1980-09-21,birth,Kareena Kapoor,Indian actress.,uncovered,0,historic_events_cc_by_sa_3,,,,baseline_v0.2.0,0,,,
CIOTD-000524,1965-09-22,military,India and Pakistan formally accept the UN ceasefire,"On 22 September 1965, the United Nations Secretary-General recorded formal acceptance by both India and Pakistan of the ceasefire demanded during the 1965 war; the revised ceasefire time was set for 2200 GMT that day.",uncovered,0,month_research_2026,United Nations Digital Library,https://digitallibrary.un.org/record/3973941/files/S_SUPP_1965_3-FR.pdf,high,september,0,,,
CIOTD-000525,1803-09-23,battle,Battle of Assaye (India),Battle of Assaye (India): British-led troops defeat Maratha forces.,uncovered,0,historic_events_cc_by_sa_3,,,,baseline_v0.2.0,0,,,
CIOTD-000526,1861-09-24,birth,,Bhikaiji Cama was born in Bombay.,covered,21771,curious_indian_archive,,,,baseline_v0.2.0,21773,article_featured_image,,
CIOTD-000527,1873-09-24,reform,,Jyotiba Phule founded the Satyashodhak Samaj in Pune.,covered,23114,curious_indian_archive,,,,baseline_v0.2.0,23115,article_featured_image,,
CIOTD-000528,1925-09-24,birth,Autar Singh Paintal,Indian medical scientist.,uncovered,0,historic_events_cc_by_sa_3,,,,baseline_v0.2.0,0,,,
CIOTD-000529,2014-09-24,space,Mars Orbiter Mission reaches Mars,India’s Mars Orbiter Mission entered orbit around Mars.,uncovered,0,isro,,,,baseline_v0.2.0,0,,,
CIOTD-000530,1920-09-25,birth,Satish Dhawan is born,Aerospace engineer Satish Dhawan was born in Srinagar on 25 September 1920; he later chaired ISRO and the Indian Space Commission from 1972 to 1984.,uncovered,0,month_research_2026,Indian Space Research Organisation,https://www.isro.gov.in/SatishDhawan.html,high,september,0,,,
CIOTD-000531,1820-09-26,birth,Ishwar Chandra Vidyasagar is born,Educationist and social reformer Ishwar Chandra Vidyasagar was born in Midnapore district on 26 September 1820 and became a leading figure of the Bengal Renaissance.,uncovered,0,month_research_2026,Bureau of Outreach and Communication / Ministry of Information and Broadcasting,https://static.pib.gov.in/WriteReadData/userfiles/Unsung%20Heroes%20of%20Freedom%20Movement_p2.pdf,high,september,0,,,
CIOTD-000532,1876-09-26,birth,Syed Ghulam Bhik Nairang,A poet and a prominent Indian/Pakistani Muslim leader.,uncovered,0,historic_events_cc_by_sa_3,,,,baseline_v0.2.0,0,,,
CIOTD-000533,1923-09-26,birth,Dev Anand,Indian actor.,uncovered,0,historic_events_cc_by_sa_3,,,,baseline_v0.2.0,0,,,
CIOTD-000534,2018-09-27,constitution,Supreme Court strikes down the adultery offence in Joseph Shine,"In Joseph Shine v. Union of India, the Supreme Court on 27 September 2018 struck down Section 497 of the Indian Penal Code, which criminalised adultery.",uncovered,0,month_research_2026,Supreme Court of India,https://api.sci.gov.in/pdfdate/index1.php?dno=325502017&dt=2018-09-27&filename=supremecourt%2F2017%2F32550%2F32550_2017_Judgement_27-Sep-2018.pdf,high,september,0,,,
CIOTD-000535,1837-09-28,death,Akbar Shah II,Last Mughal emperor of India.,uncovered,0,historic_events_cc_by_sa_3,,,,baseline_v0.2.0,0,,,
CIOTD-000536,1907-09-28,birth,Bhagat Singh,Indian revolutionary and freedom fighter.,uncovered,0,official_goi,,,,baseline_v0.2.0,0,,,
CIOTD-000537,1929-09-28,birth,Lata Mangeshkar,Indian singer.,uncovered,0,historic_events_cc_by_sa_3,,,,baseline_v0.2.0,0,,,
CIOTD-000538,1932-09-29,birth,,Mehmood was born.,covered,23607,curious_indian_archive,,,,baseline_v0.2.0,23609,article_featured_image,,
CIOTD-000539,1942-09-29,freedom,,Matangini Hazra was killed while leading a protest march at Tamluk.,covered,25331,curious_indian_archive,,,,baseline_v0.2.0,21766,article_featured_image,,
CIOTD-000540,1972-09-30,birth,Shaan,Indian singer.,uncovered,0,historic_events_cc_by_sa_3,,,,baseline_v0.2.0,0,,,
CIOTD-000541,1993-09-30,disaster,"The Killari–Latur earthquake struck Maharashtra, killing nearly 10,000 people and devastating…","The Killari–Latur earthquake struck Maharashtra, killing nearly 10,000 people and devastating villages across the region.",uncovered,0,historic_events_cc_by_sa_3,,,,baseline_v0.2.0,0,,,
CIOTD-000542,2008-09-30,disaster,"A Jodhpur temple stampede in western India kills over 224 people, and injures 400",,uncovered,0,historic_events_cc_by_sa_3,,,,baseline_v0.2.0,0,,,
CIOTD-000543,1904-10-01,birth,A.K. Gopalan,Indian communist leader.,uncovered,0,historic_events_cc_by_sa_3,,,,baseline_v0.2.0,0,,,
CIOTD-000544,1992-10-01,birth,Gauri Shankar,Indian chess prodigy.,uncovered,0,historic_events_cc_by_sa_3,,,,baseline_v0.2.0,0,,,
CIOTD-000545,1869-10-02,birth,Mahatma Gandhi,"Indian political leader, Father of the Nation.",uncovered,0,historic_events_cc_by_sa_3,,,,baseline_v0.2.0,0,,,
CIOTD-000546,1904-10-02,birth,Lal Bahadur Shastri is born,Lal Bahadur Shastri was born at Mughalsarai on 2 October 1904; he later became India’s second Prime Minister and led the country during the 1965 India-Pakistan war.,covered,15024,month_research_2026,Bureau of Outreach and Communication / Ministry of Information and Broadcasting,https://static.pib.gov.in/WriteReadData/userfiles/Unsung%20Heroes%20of%20Freedom%20Movement_tnn.pdf,high,october,15727,article_featured_image,,
CIOTD-000547,1923-10-03,death,Kadambini Ganguly dies,"Physician and social reformer Kadambini Ganguly, a pioneering woman doctor in colonial India, died on 3 October 1923.",uncovered,0,month_research_2026,Bureau of Outreach and Communication / Ministry of Information and Broadcasting,https://static.pib.gov.in/WriteReadData/userfiles/Unsung%20Heroes%20of%20Freedom%20Movement_p2.pdf,high,october,0,,,
CIOTD-000548,1857-10-04,birth,Shyamji Krishna Varma is born,"Revolutionary nationalist Shyamji Krishna Varma was born in Kachchh on 4 October 1857; he later founded India House, the Indian Home Rule Society and The Indian Sociologist in London.",uncovered,0,month_research_2026,Azadi Ka Amrit Mahotsav / Ministry of Culture,https://cmsadmin.amritmahotsav.nic.in/district-reopsitory-detail.htm?13404=,high,october,27057,Wikimedia Commons,https://commons.wikimedia.org/wiki/File:Shyamji_Krishna_Varma_1989_stamp_of_India.jpg,"India Post, Government of India / GODL-India via Wikimedia Commons"
CIOTD-000549,1864-10-05,disaster,"A cyclone kills 70,000 in Calcutta, India",,uncovered,0,historic_events_cc_by_sa_3,,,,baseline_v0.2.0,0,,,
CIOTD-000550,1893-10-06,birth,Meghnad Saha is born,"Astrophysicist Meghnad Saha was born on 6 October 1893; his work on thermal ionisation produced the Saha equation, a foundational tool in stellar astrophysics.",covered,15096,month_research_2026,"Saha Institute of Nuclear Physics, Department of Atomic Energy",https://www.saha.ac.in/web/administration-right-to-information/380-sinpmain/5-founder,high,october,15581,article_featured_image,,
CIOTD-000551,1737-10-07,disaster,A severe cyclone struck Bengal and caused extensive destruction around Calcutta and the lower…,A severe cyclone struck Bengal and caused extensive destruction around Calcutta and the lower Ganges delta.,uncovered,0,historic_events_cc_by_sa_3,,,,baseline_v0.2.0,0,,,
CIOTD-000552,1932-10-08,military,Indian Air Force comes into being,"The Indian Air Force came into being on 8 October 1932, the date officially recognised by the service as its founding milestone.",uncovered,0,month_research_2026,Indian Air Force,https://careerairforce.gov.in/indian-air-force-history,high,october,0,,,
CIOTD-000553,2005-10-08,disaster,"The 2005 Kashmir earthquake kills about 80,000 people",,uncovered,0,historic_events_cc_by_sa_3,,,,baseline_v0.2.0,0,,,
CIOTD-000554,1877-10-09,birth,Gopabandhu Das is born,"Nationalist, social reformer, journalist and poet Gopabandhu Das was born at Suando near Puri on 9 October 1877.",uncovered,0,month_research_2026,"Odia Virtual Academy, Government of Odisha",https://ova.gov.in/en/Author?aid=qkFRV6GfISE%3D,high,october,0,,,
CIOTD-000555,1906-10-10,birth,Rasipuram Krishnaswamy Narayan,Indian novelist.,uncovered,0,historic_events_cc_by_sa_3,,,,baseline_v0.2.0,0,,,
CIOTD-000556,1962-10-10,event,"The Sino-Indian War, a border dispute involving two of the world's largest nations (India and…","The Sino-Indian War, a border dispute involving two of the world's largest nations (India and the People's Republic of China), begins.",uncovered,0,historic_events_cc_by_sa_3,,,,baseline_v0.2.0,0,,,
CIOTD-000557,1964-10-10,death,,Guru Dutt died.,covered,13443,curious_indian_archive,,,,baseline_v0.2.0,16608,article_featured_image,,
CIOTD-000558,1902-10-11,birth,Jayaprakash Narayan is born,"Jayaprakash Narayan was born in Saran district on 11 October 1902; he became a prominent freedom fighter, socialist and post-independence political leader.",uncovered,0,month_research_2026,Bureau of Outreach and Communication / Ministry of Information and Broadcasting,https://static.pib.gov.in/WriteReadData/userfiles/Unsung%20Heroes%20of%20Freedom%20Movement_p1.pdf,high,october,0,,,
CIOTD-000559,1942-10-11,birth,Amitabh Bachchan,Indian actor.,uncovered,0,historic_events_cc_by_sa_3,,,,baseline_v0.2.0,0,,,
CIOTD-000560,2007-10-11,death,Sri Chinmoy,Indian philosopher.,uncovered,0,historic_events_cc_by_sa_3,,,,baseline_v0.2.0,0,,,
CIOTD-000561,1871-10-12,independence,"Criminal Tribes Act (CTA) enacted by British rule in India, which named over 160 communities…","Criminal Tribes Act (CTA) enacted by British rule in India, which named over 160 communities ""Criminal Tribes"", i.e. hereditary criminals. It was Repealed in 1949, after Independence of India.",uncovered,0,historic_events_cc_by_sa_3,,,,baseline_v0.2.0,0,,,
CIOTD-000562,1911-10-13,birth,Ashok Kumar,Indian actor.,uncovered,0,historic_events_cc_by_sa_3,,,,baseline_v0.2.0,0,,,
CIOTD-000563,1924-10-13,birth,Moturu Udayam,Indian women's activist.,uncovered,0,historic_events_cc_by_sa_3,,,,baseline_v0.2.0,0,,,
CIOTD-000564,1987-10-13,death,,Kishore Kumar died.,covered,13312,curious_indian_archive,,,,baseline_v0.2.0,16685,article_featured_image,,
CIOTD-000565,1643-10-14,birth,Bahadur Shah I,Mughal Emperor of India.,uncovered,0,historic_events_cc_by_sa_3,,,,baseline_v0.2.0,0,,,
CIOTD-000566,1956-10-14,event,B,B. R. Ambedkar embraced Buddhism at Nagpur along with a large gathering of followers in the historic mass conversion at Deekshabhoomi.,uncovered,0,historic_events_cc_by_sa_3,,,,baseline_v0.2.0,0,,,
CIOTD-000567,1918-10-15,death,Sai Baba of Shirdi,Indian guru and yogi.,uncovered,0,historic_events_cc_by_sa_3,,,,baseline_v0.2.0,0,,,
CIOTD-000568,1931-10-15,birth,,A. P. J. Abdul Kalam was born in Rameswaram.,covered,15218,curious_indian_archive,,,,baseline_v0.2.0,15423,article_featured_image,,
CIOTD-000569,1932-10-15,event,Tata Airlines (later to become Air India) makes its first flight,,uncovered,0,historic_events_cc_by_sa_3,,,,baseline_v0.2.0,0,,,
CIOTD-000570,1905-10-16,colonial,,The Partition of Bengal came into effect.,covered,12556,curious_indian_archive,,,,baseline_v0.2.0,17476,article_featured_image,,
CIOTD-000571,1917-10-17,resistance,,The burning of Mombi marked the outbreak of the Anglo-Kuki War.,covered,20318,curious_indian_archive,,,,baseline_v0.2.0,20319,article_featured_image,,
CIOTD-000572,1932-10-17,resistance,,Rani Gaidinliu was captured by British forces.,covered,20353,curious_indian_archive,,,,baseline_v0.2.0,20362,article_featured_image,,
CIOTD-000573,1970-10-17,birth,Anil Kumble,Indian cricketer.,uncovered,0,historic_events_cc_by_sa_3,,,,baseline_v0.2.0,0,,,
CIOTD-000574,1965-10-18,birth,Zakir Naik,Indian Islamic speaker and doctor.,uncovered,0,historic_events_cc_by_sa_3,,,,baseline_v0.2.0,0,,,
CIOTD-000575,1980-10-18,birth,Reetinder Sodhi,Indian cricket player.,uncovered,0,historic_events_cc_by_sa_3,,,,baseline_v0.2.0,0,,,
CIOTD-000576,1888-10-19,birth,Venkatarama Ramalingam Pillai,"Indian Freedom Fighter, Tamil Poet.",uncovered,0,historic_events_cc_by_sa_3,,,,baseline_v0.2.0,0,,,
CIOTD-000577,1910-10-19,birth,Subrahmanyan Chandrasekhar,"Indian-born American physicist, Nobel laureate.",uncovered,0,historic_events_cc_by_sa_3,,,,baseline_v0.2.0,0,,,
CIOTD-000578,1962-10-20,military,Major Dhan Singh Thapa defends the Sirijap post,"On 20 October 1962, Major Dhan Singh Thapa and his troops at a forward post in Ladakh came under a major Chinese attack during the Sino-Indian conflict; Thapa was later awarded the Param Vir Chakra.",uncovered,0,month_research_2026,"National War Memorial, Government of India",https://nationalwarmemorial.gov.in/param-yoddhas/details/10,high,october,0,,,
CIOTD-000579,1978-10-20,birth,Virender Sehwag,Indian cricketer.,uncovered,0,historic_events_cc_by_sa_3,,,,baseline_v0.2.0,0,,,
CIOTD-000580,1943-10-21,freedom_movement,Provisional Government of Azad Hind is formed,"On 21 October 1943, Subhas Chandra Bose announced the formation of the Provisional Government of Azad Hind in Singapore, with himself as Head of State and Prime Minister.",uncovered,0,month_research_2026,The Nehru Archive,https://nehruarchive.in/documents/congress-to-contest-with-full-strength-29-august-1945-6n873e,high,october,0,,,
CIOTD-000581,2012-10-21,death,Yash Chopra,Indian film director and producer.,uncovered,0,historic_events_cc_by_sa_3,,,,baseline_v0.2.0,0,,,
CIOTD-000582,1764-10-22,battle,,The Battle of Buxar was fought.,covered,12517,curious_indian_archive,,,,baseline_v0.2.0,22610,article_featured_image,,
CIOTD-000583,1900-10-22,birth,,Ashfaqullah Khan was born.,covered,23933,curious_indian_archive,,,,baseline_v0.2.0,24197,article_featured_image,,
CIOTD-000584,2008-10-22,space,The Indian Space Research Organisation successfully launches the Chandrayaan-1 spacecraft on a…,The Indian Space Research Organisation successfully launches the Chandrayaan-1 spacecraft on a lunar exploration mission.,uncovered,0,historic_events_cc_by_sa_3,,,,baseline_v0.2.0,0,,,
CIOTD-000585,1824-10-23,resistance,Battle erupts at Kittur under Rani Chennamma,Fighting erupted at Kittur on 23 October 1824 as Rani Chennamma and her forces resisted East India Company intervention in the princely state.,uncovered,0,month_research_2026,"National Book Trust, India",https://www.nbtindia.gov.in/writereaddata/freebooks/pdf/Rani%20Chinnamma.pdf,high,october,0,,,
CIOTD-000586,1981-10-24,birth,Mallika Sherawat,Indian actress.,uncovered,0,historic_events_cc_by_sa_3,,,,baseline_v0.2.0,0,,,
CIOTD-000587,1995-10-24,event,"A total solar eclipse is visible from Iran, India, Thailand, and Southeast Asia",,uncovered,0,historic_events_cc_by_sa_3,,,,baseline_v0.2.0,0,,,
CIOTD-000588,1924-10-25,event,British authorities in India arrest Subhas Chandra Bose and jail him for the next 2½ years,,uncovered,0,historic_events_cc_by_sa_3,,,,baseline_v0.2.0,0,,,
CIOTD-000589,1951-10-25,election,Voting begins in India’s first general election,Voting in India’s first general elections began on 25 October 1951; the nationwide exercise continued in phases over the following months.,uncovered,0,month_research_2026,Election Commission of India,https://www.eci.gov.in/EBooks/eci-atlas/files/basic-html/page21.html,high,october,0,,,
CIOTD-000590,2003-10-25,death,Pandurang Shastri Athavale,Indian philosopher and social reformer.,uncovered,0,historic_events_cc_by_sa_3,,,,baseline_v0.2.0,0,,,
CIOTD-000591,1985-10-26,birth,Asin Thottumkal,Indian actress.,uncovered,0,historic_events_cc_by_sa_3,,,,baseline_v0.2.0,0,,,
CIOTD-000592,1947-10-27,military,Indian troops are airlifted to Srinagar,Indian troops were flown into Srinagar on 27 October 1947 during the first India-Pakistan conflict over Jammu and Kashmir.,uncovered,0,month_research_2026,"National War Memorial, Government of India",https://nationalwarmemorial.gov.in/murals/totem_details/1,high,october,0,,,
CIOTD-000593,1984-10-27,birth,Irfan Pathan,Indian cricketer.,uncovered,0,historic_events_cc_by_sa_3,,,,baseline_v0.2.0,0,,,
CIOTD-000594,1627-10-28,death,Jahangir,Mughal Emperor of India.,uncovered,0,historic_events_cc_by_sa_3,,,,baseline_v0.2.0,0,,,
CIOTD-000595,1955-10-28,birth,Indra Nooyi,Indian CEO.,uncovered,0,historic_events_cc_by_sa_3,,,,baseline_v0.2.0,0,,,
CIOTD-000596,1939-10-29,birth,Malay Roy Choudhury,Bengali poet and novelist who created the Indian Hungry generation literary and cultural movement.,uncovered,0,historic_events_cc_by_sa_3,,,,baseline_v0.2.0,0,,,
CIOTD-000597,2005-10-29,event,At least 61 people are killed and many others wounded in 3 powerful blasts in the Indian…,"At least 61 people are killed and many others wounded in 3 powerful blasts in the Indian capital, Delhi.",uncovered,0,historic_events_cc_by_sa_3,,,,baseline_v0.2.0,0,,,
CIOTD-000598,1928-10-30,freedom_movement,Lala Lajpat Rai leads protest against the Simon Commission in Lahore,Lala Lajpat Rai led a nonviolent protest against the Simon Commission in Lahore on 30 October 1928; police carried out a lathi charge in which he was seriously injured.,uncovered,0,month_research_2026,Press Information Bureau / Ministry of Culture,https://www.pib.gov.in/PressReleasePage.aspx?PRID=1793380&lang=2&reg=48,high,october,0,,,
CIOTD-000599,1945-10-30,event,The undivided country of India joins the United Nations,The undivided country of India joins the United Nations. Pakistan is formed and joins later.,uncovered,0,historic_events_cc_by_sa_3,,,,baseline_v0.2.0,0,,,
CIOTD-000600,1875-10-31,birth,Sardar Vallabhbhai Patel,Indian political leader.,uncovered,0,historic_events_cc_by_sa_3,,,,baseline_v0.2.0,0,,,
CIOTD-000601,1876-10-31,disaster,"The Great Backerganj cyclone struck the Bengal delta in British India, causing catastrophic loss…","The Great Backerganj cyclone struck the Bengal delta in British India, causing catastrophic loss of life.",uncovered,0,historic_events_cc_by_sa_3,,,,baseline_v0.2.0,0,,,
CIOTD-000602,1984-10-31,execution,Prime Minister Indira Gandhi was assassinated by two of her bodyguards in New Delhi,Prime Minister Indira Gandhi was assassinated by two of her bodyguards in New Delhi; Rajiv Gandhi became prime minister later that day.,uncovered,0,historic_events_cc_by_sa_3,,,,baseline_v0.2.0,0,,,
CIOTD-000603,1858-11-01,colonial,,The British Crown formally took over rule of India from the East India Company.,covered,12543,curious_indian_archive,,,,baseline_v0.2.0,22624,article_featured_image,,
CIOTD-000604,1933-11-01,birth,Samir Roychoudhury,Indian Bengali poet and philosopher of Hungry generation.,uncovered,0,historic_events_cc_by_sa_3,,,,baseline_v0.2.0,0,,,
CIOTD-000605,1948-11-01,battle,,Operation Bison attacked Zoji La with tanks at high altitude.,covered,15030,curious_indian_archive,,,,baseline_v0.2.0,15900,article_featured_image,,
CIOTD-000606,1956-11-01,event,"The States Reorganisation Act came into effect, redrawing state boundaries largely along…","The States Reorganisation Act came into effect, redrawing state boundaries largely along linguistic lines; Kerala was created and Mysore State was substantially enlarged.",uncovered,0,historic_events_cc_by_sa_3,,,,baseline_v0.2.0,0,,,
CIOTD-000607,1961-11-01,event,"The Hungry generation Movement is launched in Calcutta, India",,uncovered,0,historic_events_cc_by_sa_3,,,,baseline_v0.2.0,0,,,
CIOTD-000608,1965-11-02,birth,Shahrukh Khan,"Indian actor, film / television producer, television presenter.",uncovered,0,historic_events_cc_by_sa_3,,,,baseline_v0.2.0,0,,,
CIOTD-000609,1838-11-03,event,The Bombay Times and Journal of Commerce is founded (later renamed The Times of India in 1861),,uncovered,0,historic_events_cc_by_sa_3,,,,baseline_v0.2.0,0,,,
CIOTD-000610,1933-11-03,birth,Amartya Sen,"Indian economist, Nobel Prize laureate.",uncovered,0,historic_events_cc_by_sa_3,,,,baseline_v0.2.0,0,,,
CIOTD-000611,1845-11-04,birth,Vasudev Balwant Phadke,Indian revolutionary.,uncovered,0,historic_events_cc_by_sa_3,,,,baseline_v0.2.0,0,,,
CIOTD-000612,1931-11-04,event,Inauguration of the Thiruvananthapuram Central Railway station by the Maharaja of Travancore…,Inauguration of the Thiruvananthapuram Central Railway station by the Maharaja of Travancore Sree Chithira Thirunal.,uncovered,0,historic_events_cc_by_sa_3,,,,baseline_v0.2.0,0,,,
CIOTD-000613,1556-11-05,battle,,The Second Battle of Panipat was fought.,covered,12427,curious_indian_archive,,,,baseline_v0.2.0,24915,article_featured_image,,
CIOTD-000614,1955-11-05,birth,Karan Thapar,"Indian journalist, political analyst & commentator.",uncovered,0,historic_events_cc_by_sa_3,,,,baseline_v0.2.0,0,,,
CIOTD-000615,2013-11-05,space,Mars Orbiter Mission launched,India launched the Mars Orbiter Mission from Sriharikota.,uncovered,0,isro,,,,baseline_v0.2.0,0,,,
CIOTD-000616,1913-11-06,event,Mohandas Gandhi is arrested while leading a march of Indian miners in South Africa,,uncovered,0,historic_events_cc_by_sa_3,,,,baseline_v0.2.0,0,,,
CIOTD-000617,1931-11-06,event,Indian spiritual leader Meher Baba arrives in America for the first time,,uncovered,0,historic_events_cc_by_sa_3,,,,baseline_v0.2.0,0,,,
CIOTD-000618,1875-11-07,culture,,Bankim Chandra Chatterjee wrote “Vande Mataram”.,covered,24101,curious_indian_archive,,,,baseline_v0.2.0,24340,article_featured_image,,
CIOTD-000619,1888-11-07,birth,Chandrasekhara Venkata Raman,"Indian physicist, Nobel Prize laureate.",uncovered,0,historic_events_cc_by_sa_3,,,,baseline_v0.2.0,0,,,
CIOTD-000620,1978-11-07,politics,Indira Gandhi is re-elected to the Indian parliament,,uncovered,0,historic_events_cc_by_sa_3,,,,baseline_v0.2.0,0,,,
CIOTD-000621,1996-11-07,disaster,"A devastating category 4 Cyclone strikes Andhra Pradesh, India","A devastating category 4 Cyclone strikes Andhra Pradesh, India. The storm surge sweeps fishing villages out to sea, over 2,000 people die. 95 percent of the crops are completely destroyed.",uncovered,0,historic_events_cc_by_sa_3,,,,baseline_v0.2.0,0,,,
CIOTD-000622,2000-11-07,death,C Subramaniam,Indian politician.,uncovered,0,historic_events_cc_by_sa_3,,,,baseline_v0.2.0,0,,,
CIOTD-000623,2016-11-08,economy,,"The government announced demonetization of ₹500 and ₹1,000 banknotes.",covered,12730,curious_indian_archive,,,,baseline_v0.2.0,17114,article_featured_image,,
CIOTD-000624,1877-11-09,birth,Allama Iqbal,"Indian philosopher, one of the profound founding fathers of the Muslims of India.",uncovered,0,historic_events_cc_by_sa_3,,,,baseline_v0.2.0,0,,,
CIOTD-000625,1947-11-09,event,Junagadh is invaded by the Indian army,,uncovered,0,historic_events_cc_by_sa_3,,,,baseline_v0.2.0,0,,,
CIOTD-000626,2011-11-09,death,Har Gobind Khorana,Indian-born American Nobel biochemist.,uncovered,0,historic_events_cc_by_sa_3,,,,baseline_v0.2.0,0,,,
CIOTD-000627,1990-11-10,politics,Chandra Shekhar becomes Prime Minister of India,Chandra Shekhar’s term as Prime Minister began on 10 November 1990.,uncovered,0,month_research_2026,Prime Minister of India,https://www.pmindia.gov.in/en/former_pm/shri-chandra-shekhar/,high,november,0,,,
CIOTD-000628,1675-11-11,execution,,Guru Tegh Bahadur was executed in Delhi.,covered,12480,curious_indian_archive,,,,baseline_v0.2.0,18979,article_featured_image,,
CIOTD-000629,1888-11-11,birth,Maulana Abul Kalam Azad,"Indian freedom fighter, scholar and independent India’s first Education Minister.",uncovered,0,official_goi,,,,baseline_v0.2.0,0,,,
CIOTD-000630,1896-11-12,birth,Salim Ali is born,Ornithologist and naturalist Salim Ali was born on 12 November 1896; his surveys and books helped develop modern ornithology in India.,covered,15261,month_research_2026,"Embassy of India, Moscow / India@75 Science, Technology & Innovation",https://www.ns.indianembassy-moscow.gov.in/pdf/snt/India%4075%20Science%20Technology%20Innovation%20Growth%20Story.pdf,high,november,18556,article_featured_image,,
CIOTD-000631,1965-11-12,death,Syedna Taher Saifuddin,Indian Bohra spiritual leader.,uncovered,0,historic_events_cc_by_sa_3,,,,baseline_v0.2.0,0,,,
CIOTD-000632,1777-11-13,birth,Kunwar Singh is born,"Kunwar Singh, who later became a major leader of the 1857 uprising in Bihar, was born at Jagdispur on 13 November 1777.",uncovered,0,month_research_2026,New India Samachar / Press Information Bureau,https://newindiasamachar.pib.gov.in/WriteReadData/story/2021/Nov/S202111012682.pdf,high,november,0,,,
CIOTD-000633,1780-11-13,birth,Maharaja Ranjit Singh is born,"Ranjit Singh, founder of the Sikh Empire, was born in Gujranwala on 13 November 1780.",uncovered,0,month_research_2026,New India Samachar / Press Information Bureau,https://newindiasamachar.pib.gov.in/WriteReadData/flipbook/2021/Nov/1st/English/files/basic-html/page44.html,high,november,0,,,
CIOTD-000634,1889-11-14,birth,Jawaharlal Nehru is born,Jawaharlal Nehru was born in Allahabad on 14 November 1889; he later became independent India’s first Prime Minister.,uncovered,0,month_research_2026,Prime Minister of India,https://www.pmindia.gov.in/en/former_pm/shri-jawaharlal-nehru/,high,november,0,,,
CIOTD-000635,1891-11-14,birth,,Birbal Sahni was born.,covered,15257,curious_indian_archive,,,,baseline_v0.2.0,18541,article_featured_image,,
CIOTD-000636,1977-11-14,death,A. C. Bhaktivedanta Swami Prabhupada,Indian leader of the Hare Krishna movement.,uncovered,0,historic_events_cc_by_sa_3,,,,baseline_v0.2.0,0,,,
CIOTD-000637,1875-11-15,birth,Birsa Munda is born,Birsa Munda was born at Ulihatu on 15 November 1875 and later led the Ulgulan movement against colonial exploitation in the Chotanagpur region.,uncovered,0,month_research_2026,"Press Information Bureau, Department of Posts",https://www.pib.gov.in/PressReleasePage.aspx?PRID=2073652&lang=2&reg=3,high,november,0,,,
CIOTD-000638,1982-11-15,death,Vinoba Bhave,Indian educator.,uncovered,0,historic_events_cc_by_sa_3,,,,baseline_v0.2.0,0,,,
CIOTD-000639,1986-11-15,birth,Sania Mirza,Indian tennis player.,uncovered,0,historic_events_cc_by_sa_3,,,,baseline_v0.2.0,0,,,
CIOTD-000640,2000-11-15,event,"A new Indian state called Jharkhand is formed, carving out the South Chhota Nagpur area from…","A new Indian state called Jharkhand is formed, carving out the South Chhota Nagpur area from Bihar in India.",uncovered,0,historic_events_cc_by_sa_3,,,,baseline_v0.2.0,0,,,
CIOTD-000641,1962-11-16,battle,,The Battle of Walong reached its decisive final phase.,covered,15157,curious_indian_archive,,,,baseline_v0.2.0,15530,article_featured_image,,
CIOTD-000642,1963-11-16,birth,Meenakshi Seshadri,Indian dancer & actress.,uncovered,0,historic_events_cc_by_sa_3,,,,baseline_v0.2.0,0,,,
CIOTD-000643,1928-11-17,death,Lala Lajpat Rai,Indian nationalist leader and freedom fighter.,uncovered,0,official_goi,,,,baseline_v0.2.0,0,,,
CIOTD-000644,1962-11-17,battle,,The fighting at Nuranang produced the story later associated with Jaswant Singh Rawat.,covered,15150,curious_indian_archive,,,,baseline_v0.2.0,15550,article_featured_image,,
CIOTD-000645,1962-11-18,military,Battle of Rezang La,"On 18 November 1962, Charlie Company of 13 KUMAON defended Rezang La in the Chushul sector during the Sino-Indian War.",covered,14975,month_research_2026,"Press Information Bureau, Ministry of Defence",https://www.pib.gov.in/PressReleasePage.aspx?PRID=1772992&lang=2&reg=48,high,november,15671,article_featured_image,,
CIOTD-000646,1917-11-19,birth,Indira Gandhi is born,Indira Gandhi was born on 19 November 1917; she later served as Prime Minister of India in two periods.,uncovered,0,month_research_2026,Prime Minister of India,https://www.pmindia.gov.in/en/former_pm/smt-indira-gandhi-2/,high,november,0,,,
CIOTD-000647,1975-11-19,birth,Sushmita Sen,Indian beauty queen and actress.,uncovered,0,historic_events_cc_by_sa_3,,,,baseline_v0.2.0,0,,,
CIOTD-000648,1981-11-20,space,Bhaskara-II launched,India launched the Bhaskara-II Earth-observation satellite.,uncovered,0,isro,,,,baseline_v0.2.0,0,,,
CIOTD-000649,1963-11-21,space,,India launched its first sounding rocket from Thumba.,covered,15207,curious_indian_archive,,,,baseline_v0.2.0,15479,article_featured_image,,
CIOTD-000650,1884-11-22,birth,Syed Sulaiman Nadvi,"Indian/Pakistani historian, biographer, littérateur and scholar of Islam.",uncovered,0,historic_events_cc_by_sa_3,,,,baseline_v0.2.0,0,,,
CIOTD-000651,1953-11-22,death,Syed Sulaiman Nadvi,"Indian/Pakistani historian, biographer, littérateur and scholar of Islam.",uncovered,0,historic_events_cc_by_sa_3,,,,baseline_v0.2.0,0,,,
CIOTD-000652,1926-11-23,birth,Sathya Sai Baba,Indian guru.,uncovered,0,historic_events_cc_by_sa_3,,,,baseline_v0.2.0,0,,,
CIOTD-000653,1937-11-23,death,Jagdish Chandra Bose,Indian physicist.,uncovered,0,historic_events_cc_by_sa_3,,,,baseline_v0.2.0,0,,,
CIOTD-000654,1926-11-24,event,"Sri Aurobindo retires, leaving The Mother to run the Sri Aurobindo Ashram in Pondicherry, India",,uncovered,0,historic_events_cc_by_sa_3,,,,baseline_v0.2.0,0,,,
CIOTD-000655,1935-11-24,birth,Salim Khan,Legendary Indian Bollywood Film Screen Writer.,uncovered,0,historic_events_cc_by_sa_3,,,,baseline_v0.2.0,0,,,
CIOTD-000656,1839-11-25,disaster,A catastrophic cyclone and storm surge devastated the port of Coringa on the Coromandel Coast,,uncovered,0,historic_events_cc_by_sa_3,,,,baseline_v0.2.0,0,,,
CIOTD-000657,1921-11-26,birth,,Verghese Kurien was born.,covered,22387,curious_indian_archive,,,,baseline_v0.2.0,22498,article_featured_image,,
CIOTD-000658,1949-11-26,constitution,,The Constituent Assembly adopted the Constitution of India.,covered,12622,curious_indian_archive,,,,baseline_v0.2.0,17550,article_featured_image,,
CIOTD-000659,2008-11-26,terrorism,,The Mumbai terror attacks began.,covered,12718,curious_indian_archive,,,,baseline_v0.2.0,18044,article_featured_image,,
CIOTD-000660,2008-11-26,event,"A series of terrorist attacks in Mumbai, India by Pakistan-based Islamic militants kills 195,…","(November 26 - November 29) A series of terrorist attacks in Mumbai, India by Pakistan-based Islamic militants kills 195, and injures at least 250.",uncovered,0,historic_events_cc_by_sa_3,,,,baseline_v0.2.0,0,,,
CIOTD-000661,2008-11-27,death,Vishwanath Pratap Singh,Indian Prime Minister.,uncovered,0,historic_events_cc_by_sa_3,,,,baseline_v0.2.0,0,,,
CIOTD-000662,1890-11-28,death,Jyotirao Phule dies,"Social reformer Jyotirao Phule died in Pune on 28 November 1890 after decades of work on education, caste inequality and women’s rights.",uncovered,0,month_research_2026,New India Samachar / Press Information Bureau,https://newindiasamachar.pib.gov.in/WriteReadData/Magazine/2021/Nov/M202111161.pdf,high,november,0,,,
CIOTD-000663,1993-11-29,death,J. R. D. Tata,Indian aviator and businessman.,uncovered,0,historic_events_cc_by_sa_3,,,,baseline_v0.2.0,0,,,
CIOTD-000664,1612-11-30,battle,Battle of Swally,"Battle of Swally: Forces of the British East India Company and Portugal engage off the coast of India, resulting in a British victory.",uncovered,0,historic_events_cc_by_sa_3,,,,baseline_v0.2.0,0,,,
CIOTD-000665,1858-11-30,birth,Jagadish Chandra Bose is born,Physicist and plant physiologist Jagadish Chandra Bose was born on 30 November 1858 in Mymensingh; he later became a pioneer of experimental science in India.,uncovered,0,month_research_2026,"Department of Science and Technology, Government of India",https://dst.gov.in/sites/default/files/IACS_Final.pdf,high,november,0,,,
CIOTD-000666,1965-11-30,birth,Tashi Tenzing,Indian mountaineer.,uncovered,0,historic_events_cc_by_sa_3,,,,baseline_v0.2.0,0,,,
CIOTD-000667,1963-12-01,statehood,Nagaland is inaugurated as the 16th state of India,Nagaland was formally inaugurated on 1 December 1963 as the 16th state of the Indian Union.,uncovered,0,month_research_2026,Government of Nagaland,https://nagaland.gov.in/pages/nagaland-profile,high,december,0,,,
CIOTD-000668,1965-12-01,event,The Border Security Force is established in India as a special force to guard the borders,,uncovered,0,historic_events_cc_by_sa_3,,,,baseline_v0.2.0,0,,,
CIOTD-000669,1898-12-02,birth,Indra Lal Roy,Indian World War I pilot.,uncovered,0,historic_events_cc_by_sa_3,,,,baseline_v0.2.0,0,,,
CIOTD-000670,1963-12-02,death,Sabu,Indian-American actor.,uncovered,0,historic_events_cc_by_sa_3,,,,baseline_v0.2.0,0,,,
CIOTD-000671,1989-12-02,politics,V. P. Singh begins his term as Prime Minister of India,Vishwanath Pratap Singh began his term as Prime Minister of India on 2 December 1989.,uncovered,0,month_research_2026,Prime Minister of India,https://www.pmindia.gov.in/en/former_pm/shri-vishwanath-pratap-singh/,high,december,0,,,
CIOTD-000672,1884-12-03,birth,Rajendra Prasad is born,"Rajendra Prasad, who later became President of the Constituent Assembly and the first President of India, was born on 3 December 1884.",uncovered,0,month_research_2026,President of India,https://presidentofindia.nic.in/former-president/dr-rajendra-prasad,high,december,0,,,
CIOTD-000673,1894-12-03,birth,Deiva Zivarattinam,Indian politician.,uncovered,0,historic_events_cc_by_sa_3,,,,baseline_v0.2.0,0,,,
CIOTD-000674,1971-12-03,battle,The Indo-Pakistani War of 1971 begins as Pakistan attacks 9 Indian airbases,The Indo-Pakistani War of 1971 begins as Pakistan attacks 9 Indian airbases. The next day India launches a massive invasion of East Pakistan.,uncovered,0,historic_events_cc_by_sa_3,,,,baseline_v0.2.0,0,,,
CIOTD-000675,1979-12-03,death,Dhyan Chand,Indian hockey player.,uncovered,0,historic_events_cc_by_sa_3,,,,baseline_v0.2.0,0,,,
CIOTD-000676,1984-12-03,disaster,"Toxic methyl isocyanate gas leaked from the Union Carbide pesticide plant in Bhopal, beginning…","Toxic methyl isocyanate gas leaked from the Union Carbide pesticide plant in Bhopal, beginning one of the world’s deadliest industrial disasters.",uncovered,0,historic_events_cc_by_sa_3,,,,baseline_v0.2.0,0,,,
CIOTD-000677,1829-12-04,event,India,"India: In the face of fierce opposition, British Lord William Bentinck carries a regulation declaring that all who abet suttee in India are guilty of culpable homicide.",uncovered,0,historic_events_cc_by_sa_3,,,,baseline_v0.2.0,0,,,
CIOTD-000678,1910-12-04,birth,R. Venkataraman,Indian President.,uncovered,0,historic_events_cc_by_sa_3,,,,baseline_v0.2.0,0,,,
CIOTD-000679,1950-12-05,death,Sri Aurobindo,Indian guru.,uncovered,0,historic_events_cc_by_sa_3,,,,baseline_v0.2.0,0,,,
CIOTD-000680,1853-12-06,birth,Haraprasad Shastri,"Indian academic, Sanskrit scholar, archivist and historian of Bengali literature.",uncovered,0,historic_events_cc_by_sa_3,,,,baseline_v0.2.0,0,,,
CIOTD-000681,1956-12-06,death,Dr. B. R. Ambedkar,Indian dalit leader.,uncovered,0,historic_events_cc_by_sa_3,,,,baseline_v0.2.0,0,,,
CIOTD-000682,1992-12-06,event,,The Babri Masjid was demolished in Ayodhya.,covered,12691,curious_indian_archive,,,,baseline_v0.2.0,18597,article_featured_image,,
CIOTD-000683,1949-12-07,military,India begins observing Armed Forces Flag Day,"Since 1949, 7 December has been observed across India as Armed Forces Flag Day to honour service personnel and support the welfare of veterans and their families.",uncovered,0,month_research_2026,Press Information Bureau / Ministry of Defence,https://www.pib.gov.in/PressReleasePage.aspx?PRID=1554400&lang=2&reg=48,high,december,0,,,
CIOTD-000684,1930-12-08,freedom_movement,"Benoy, Badal and Dinesh attack Writers' Building in Calcutta","Benoy Bose, Badal Gupta and Dinesh Gupta entered Writers' Building in Calcutta on 8 December 1930 and attacked colonial prison official N. S. Simpson as part of the revolutionary movement.",uncovered,0,month_research_2026,Azadi Ka Amrit Mahotsav / Ministry of Culture,https://amritmahotsav.nic.in/unsung-heroes-detail.htm?11063=,high,december,0,,,
CIOTD-000685,1946-12-09,birth,Sonia Gandhi,Indian politician.,uncovered,0,historic_events_cc_by_sa_3,,,,baseline_v0.2.0,0,,,
CIOTD-000686,1946-12-09,constitution,The Constituent Assembly of India meets for the first time,"The Constituent Assembly held its first meeting in New Delhi on 9 December 1946 in the Constitution Hall, now the Central Hall of Parliament House.",uncovered,0,month_research_2026,"Digital Sansad, Parliament of India",https://sansad.in/ls/about/constituent-assembly,high,december,0,,,
CIOTD-000687,1878-12-10,birth,C. Rajagopalachari,Indian politician and freedom-fighter.,uncovered,0,historic_events_cc_by_sa_3,,,,baseline_v0.2.0,0,,,
CIOTD-000688,1953-12-10,death,Abdullah Yusuf Ali,Indian-born Islamic scholar and translator.,uncovered,0,historic_events_cc_by_sa_3,,,,baseline_v0.2.0,0,,,
CIOTD-000689,1911-12-11,event,George V of the United Kingdom and Mary of Teck are crowned as Emperor of India and Empress…,"George V of the United Kingdom and Mary of Teck are crowned as Emperor of India and Empress consort, respectively, in New Delhi.",uncovered,0,historic_events_cc_by_sa_3,,,,baseline_v0.2.0,0,,,
CIOTD-000690,1935-12-11,birth,Pranab Mukherjee,Indian politician.,uncovered,0,historic_events_cc_by_sa_3,,,,baseline_v0.2.0,0,,,
CIOTD-000691,1949-12-11,death,Krishna Chandra Bhattacharya,Indian philosopher.,uncovered,0,historic_events_cc_by_sa_3,,,,baseline_v0.2.0,0,,,
CIOTD-000692,1872-12-12,resistance,,Pa Togan Nengminza and Garo fighters attacked a British camp in the Garo Hills.,covered,20292,curious_indian_archive,,,,baseline_v0.2.0,20293,article_featured_image,,
CIOTD-000693,1911-12-12,event,The capital of India is shifted to New Delhi from Calcutta (now Kolkata),,uncovered,0,historic_events_cc_by_sa_3,,,,baseline_v0.2.0,0,,,
CIOTD-000694,1941-12-12,event,World War II,World War II: India declares war on Japan.,uncovered,0,historic_events_cc_by_sa_3,,,,baseline_v0.2.0,0,,,
CIOTD-000695,1943-12-12,birth,Tridib Mitra,Indian Bengali Poet of the Hungry generation Movement.,uncovered,0,historic_events_cc_by_sa_3,,,,baseline_v0.2.0,0,,,
CIOTD-000696,2005-12-12,death,Ramanand Sagar,Indian film director.,uncovered,0,historic_events_cc_by_sa_3,,,,baseline_v0.2.0,0,,,
CIOTD-000697,1986-12-13,death,,Smita Patil died.,covered,13694,curious_indian_archive,,,,baseline_v0.2.0,17044,article_featured_image,,
CIOTD-000698,2001-12-13,politics,The Parliament of India is attacked,The Parliament of India is attacked; 12 are killed. This brings India and Pakistan to the brink of war.,uncovered,0,historic_events_cc_by_sa_3,,,,baseline_v0.2.0,0,,,
CIOTD-000699,1924-12-14,birth,Raj Kapoor is born,Filmmaker and actor Raj Kapoor was born on 14 December 1924 and became one of the most influential figures in Indian cinema.,covered,13141,month_research_2026,Press Information Bureau / Prime Minister's Office,https://www.pib.gov.in/PressReleaseIframePage.aspx?PRID=2084397&lang=2&reg=48,high,december,16841,article_featured_image,,
CIOTD-000700,1950-12-15,death,Sardar Vallabhbhai Patel,Indian political leader.,uncovered,0,historic_events_cc_by_sa_3,,,,baseline_v0.2.0,0,,,
CIOTD-000701,1976-12-15,birth,Baichung Bhutia,Indian footballer.,uncovered,0,historic_events_cc_by_sa_3,,,,baseline_v0.2.0,0,,,
CIOTD-000702,1951-12-16,culture,Salar Jung Museum is opened to the public by Prime Minister of India Jawaharlal Nehru,,uncovered,0,historic_events_cc_by_sa_3,,,,baseline_v0.2.0,0,,,
CIOTD-000703,1971-12-16,event,Victory Day of Bangladesh,"Victory Day of Bangladesh: The Pakistan Army surrenders to the Joint Force, i.e. Mukti Bahini (Freedom Force) and Indian Armed Forces, ending the Bangladesh Liberation War.",uncovered,0,historic_events_cc_by_sa_3,,,,baseline_v0.2.0,0,,,
CIOTD-000704,1927-12-17,freedom_movement,Rajendra Nath Lahiri is executed in Gonda Jail,"Revolutionary Rajendra Nath Lahiri, convicted in the Kakori case, was hanged at Gonda Jail on 17 December 1927, two days before the other principal Kakori executions.",uncovered,0,month_research_2026,Azadi Ka Amrit Mahotsav / Ministry of Culture,https://amritmahotsav.nic.in/unsung-heroes-detail.htm?527=,high,december,0,,,
CIOTD-000705,1961-12-17,event,"Indian forces began the military operation that ended Portuguese rule in Goa, Daman and Diu",,uncovered,0,historic_events_cc_by_sa_3,,,,baseline_v0.2.0,0,,,
CIOTD-000706,1995-12-17,mystery,,Arms were dropped from an aircraft over Purulia district.,covered,15191,curious_indian_archive,,,,baseline_v0.2.0,15194,article_featured_image,,
CIOTD-000707,1961-12-18,event,"Indian forces secured most of Goa, Daman and Diu during the operation that ended Portuguese…","Indian forces secured most of Goa, Daman and Diu during the operation that ended Portuguese colonial rule there.",uncovered,0,historic_events_cc_by_sa_3,,,,baseline_v0.2.0,0,,,
CIOTD-000708,1927-12-19,execution,,Ram Prasad Bismil was executed in Gorakhpur.,covered,23592,curious_indian_archive,,,,baseline_v0.2.0,23594,article_featured_image,,
CIOTD-000709,1927-12-19,execution,,Ashfaqullah Khan was executed in Faizabad.,covered,23933,curious_indian_archive,,,,baseline_v0.2.0,24197,article_featured_image,,
CIOTD-000710,1961-12-19,event,"Portuguese forces in Goa surrendered, completing the end of Portuguese rule in Goa, Daman and Diu",,uncovered,0,historic_events_cc_by_sa_3,,,,baseline_v0.2.0,0,,,
CIOTD-000711,1978-12-19,politics,Former Prime Minister of India Indira Gandhi is arrested and jailed for a week for breach of…,Former Prime Minister of India Indira Gandhi is arrested and jailed for a week for breach of privilege and contempt of parliament.,uncovered,0,historic_events_cc_by_sa_3,,,,baseline_v0.2.0,0,,,
CIOTD-000712,1909-12-20,birth,Vakkom Majeed,Indian freedom fighter and politician.,uncovered,0,historic_events_cc_by_sa_3,,,,baseline_v0.2.0,0,,,
CIOTD-000713,1963-12-21,birth,Govinda Ahuja,Indian actor and politician.,uncovered,0,historic_events_cc_by_sa_3,,,,baseline_v0.2.0,0,,,
CIOTD-000714,1616-12-22,culture,"An Indian youth (called one of the ""the first fruits of India"") is baptized with the name…","An Indian youth (called one of the ""the first fruits of India"") is baptized with the name ""Peter"" in London at the St. Dionis Backchurch, in a ceremony attended by the Lord Mayor, the Privy Council, city aldermen, and officials of the Honourable East India Company. Peter thus becomes the first convert to the Anglican Church in India. He returns to India as a missionary, schooled in English and Latin.",uncovered,0,historic_events_cc_by_sa_3,,,,baseline_v0.2.0,0,,,
CIOTD-000715,1845-12-22,battle,Battle of Ferozeshah,(December 22 - December 23) Battle of Ferozeshah: British forces defeat Sikhs in Punjab.,uncovered,0,historic_events_cc_by_sa_3,,,,baseline_v0.2.0,0,,,
CIOTD-000716,1887-12-22,birth,Srinivasa Aaiyangar Ramanujan,Indian mathematician.,uncovered,0,historic_events_cc_by_sa_3,,,,baseline_v0.2.0,0,,,
CIOTD-000717,1902-12-23,birth,Chaudhary Charan Singh is born,"Chaudhary Charan Singh, who later served as Prime Minister of India and held several senior offices in Uttar Pradesh and the Union government, was born on 23 December 1902.",uncovered,0,month_research_2026,President of India — Bharat Ratna citation,https://www.presidentofindia.gov.in/sites/default/files/2024-03/bharat_ratna_2024.pdf,high,december,0,,,
CIOTD-000718,1921-12-23,culture,Visva-Bharati University is inaugurated in India,,uncovered,0,historic_events_cc_by_sa_3,,,,baseline_v0.2.0,0,,,
CIOTD-000719,2004-12-23,death,P. V. Narasimha Rao,"Indian politician, 10th Prime Minister of India.",uncovered,0,historic_events_cc_by_sa_3,,,,baseline_v0.2.0,0,,,
CIOTD-000720,1924-12-24,birth,Mohammed Rafi,Indian playback singer.,uncovered,0,historic_events_cc_by_sa_3,,,,baseline_v0.2.0,0,,,
CIOTD-000721,1940-12-24,event,"Mahatma Gandhi, Indian spiritual non-violence leader writes his second letter to Adolf Hitler…","Mahatma Gandhi, Indian spiritual non-violence leader writes his second letter to Adolf Hitler addressing him ""My friend"", requesting him to stop the war Germany had begun.",uncovered,0,historic_events_cc_by_sa_3,,,,baseline_v0.2.0,0,,,
CIOTD-000722,1924-12-25,birth,Atal Bihari Vajpayee is born,"Atal Bihari Vajpayee, who later served three terms as Prime Minister of India, was born in Gwalior on 25 December 1924.",uncovered,0,month_research_2026,Prime Minister of India,https://www.pmindia.gov.in/en/former_pm/shri-atal-bihari-vajpayee/,high,december,0,,,
CIOTD-000723,1927-12-25,birth,Ram Narayan,Indian sarangi player.,uncovered,0,historic_events_cc_by_sa_3,,,,baseline_v0.2.0,0,,,
CIOTD-000724,1972-12-25,death,C. Rajagopalachari,Indian politician and freedom-fighter. Last Governor-General of India.,uncovered,0,historic_events_cc_by_sa_3,,,,baseline_v0.2.0,0,,,
CIOTD-000725,1831-12-26,death,Henry Louis Vivian Derozio,Indian Poet.,uncovered,0,historic_events_cc_by_sa_3,,,,baseline_v0.2.0,0,,,
CIOTD-000726,1899-12-26,birth,Udham Singh is born,"Udham Singh, the revolutionary later executed for killing former Punjab lieutenant-governor Michael O'Dwyer in London, was born on 26 December 1899 in Punjab.",uncovered,0,month_research_2026,"Ministry of Culture, Government of India",https://www.culture.gov.in/files/publications_documents/Martyrs_Vol_1_Part_II_06_03_2019_2.pdf,high,december,0,,,
CIOTD-000727,2004-12-26,disaster,,The Indian Ocean tsunami struck India and countries across the region.,covered,12712,curious_indian_archive,,,,baseline_v0.2.0,18066,article_featured_image,,
CIOTD-000728,1911-12-27,culture,“Jana Gana Mana” first sung,Rabindranath Tagore’s song was first sung at the Calcutta session of the Indian National Congress.,uncovered,0,official_goi,,,,baseline_v0.2.0,0,,,
CIOTD-000729,1965-12-27,birth,Salman Khan,"Indian actor, television presenter.",uncovered,0,historic_events_cc_by_sa_3,,,,baseline_v0.2.0,0,,,
CIOTD-000730,1970-12-27,politics,India's president declares new elections,,uncovered,0,historic_events_cc_by_sa_3,,,,baseline_v0.2.0,0,,,
CIOTD-000731,1885-12-28,politics,,The first session of the Indian National Congress opened in Bombay.,covered,12551,curious_indian_archive,,,,baseline_v0.2.0,17463,article_featured_image,,
CIOTD-000732,1932-12-28,birth,,Dhirubhai Ambani was born.,covered,22395,curious_indian_archive,,,,baseline_v0.2.0,22400,article_featured_image,,
CIOTD-000733,1917-12-29,birth,Ramanand Sagar,Indian film director.,uncovered,0,historic_events_cc_by_sa_3,,,,baseline_v0.2.0,0,,,
CIOTD-000734,1929-12-29,independence,The All India Congress in Lahore demands Indian independence,,uncovered,0,historic_events_cc_by_sa_3,,,,baseline_v0.2.0,0,,,
CIOTD-000735,1862-12-30,execution,,U Kiang Nongbah was executed in Jowai.,covered,20285,curious_indian_archive,,,,baseline_v0.2.0,20287,article_featured_image,,
CIOTD-000736,1906-12-30,politics,,The All-India Muslim League was founded in Dhaka.,covered,12562,curious_indian_archive,,,,baseline_v0.2.0,17295,article_featured_image,,
CIOTD-000737,1943-12-30,event,"Subhash Chandra Bose sets up a pro-Japanese Indian government at Port Blair, India",,uncovered,0,historic_events_cc_by_sa_3,,,,baseline_v0.2.0,0,,,
CIOTD-000738,1949-12-30,event,India recognizes the People's Republic of China,,uncovered,0,historic_events_cc_by_sa_3,,,,baseline_v0.2.0,0,,,
CIOTD-000739,1600-12-31,event,A Royal charter incorporates the English East India Company in London,,uncovered,0,historic_events_cc_by_sa_3,,,,baseline_v0.2.0,0,,,
CIOTD-000740,1986-12-31,culture,,Talom Rukbo and his companions founded the Donyi-Polo Yelam Kebang.,covered,20556,curious_indian_archive,,,,baseline_v0.2.0,20557,article_featured_image,,
